path,name,norm,types,isCatalog,suggestedManualSubtypes,isOther,suggestedManualFallback,folder
media/uploads/equipo_docs/GRUPO 200/[233] - MOTORES PROPULSORES DE COMBUSTION INTERNA/[2331] - MOTOR PROPULSOR PRINCIPAL NRO 1 (ER)/Catálogo de piezas de repuesto del motor MAN 12V175D.pdf,Catálogo de piezas de repuesto del motor MAN 12V175D,catalogo de piezas de repuesto del motor man 12v175d,,true,"manual_herramientas,manual_partes",false,false,[233] - MOTORES PROPULSORES DE COMBUSTION INTERNA
media/uploads/equipo_docs/GRUPO 200/[233] - MOTORES PROPULSORES DE COMBUSTION INTERNA/[2331] - MOTOR PROPULSOR PRINCIPAL NRO 1 (ER)/Datasheet Motor MAN 12V175D-ML.pdf,Datasheet Motor MAN 12V175D-ML,datasheet motor man 12v175d ml,datasheet,false,,false,false,[233] - MOTORES PROPULSORES DE COMBUSTION INTERNA
media/uploads/equipo_docs/GRUPO 200/[233] - MOTORES PROPULSORES DE COMBUSTION INTERNA/[2331] - MOTOR PROPULSOR PRINCIPAL NRO 1 (ER)/Diagrama unifilar del tren de propulsión de babor MAN 12V175D - 001.pdf,Diagrama unifilar del tren de propulsión de babor MAN 12V175D - 001,diagrama unifilar del tren de propulsion de babor man 12v175d 001,plano,false,,false,false,[233] - MOTORES PROPULSORES DE COMBUSTION INTERNA
media/uploads/equipo_docs/GRUPO 200/[233] - MOTORES PROPULSORES DE COMBUSTION INTERNA/[2331] - MOTOR PROPULSOR PRINCIPAL NRO 1 (ER)/Ficha de datos Cinta Spray Stop T-ISS - 001 (equipo asociado).pdf,Ficha de datos Cinta Spray Stop T-ISS - 001 (equipo asociado),ficha de datos cinta spray stop t iss 001 equipo asociado,datasheet,false,,false,false,[233] - MOTORES PROPULSORES DE COMBUSTION INTERNA
media/uploads/equipo_docs/GRUPO 200/[233] - MOTORES PROPULSORES DE COMBUSTION INTERNA/[2331] - MOTOR PROPULSOR PRINCIPAL NRO 1 (ER)/Ficha técnica de la bomba de lubricación stand-by del motor MAN 12V175D - 001.pdf,Ficha técnica de la bomba de lubricación stand-by del motor MAN 12V175D - 001,ficha tecnica de la bomba de lubricacion stand by del motor man 12v175d 001,datasheet,false,,false,false,[233] - MOTORES PROPULSORES DE COMBUSTION INTERNA
media/uploads/equipo_docs/GRUPO 200/[233] - MOTORES PROPULSORES DE COMBUSTION INTERNA/[2331] - MOTOR PROPULSOR PRINCIPAL NRO 1 (ER)/Ficha técnica de los compensadores de goma tipo AS-1 fabricados por STENFLEX - 001. Manga de flexible.pdf,Ficha técnica de los compensadores de goma tipo AS-1 fabricados por STENFLEX - 001. Manga de flexible,ficha tecnica de los compensadores de goma tipo as 1 fabricados por stenflex 001 manga de flexible,datasheet,false,,false,false,[233] - MOTORES PROPULSORES DE COMBUSTION INTERNA
media/uploads/equipo_docs/GRUPO 200/[233] - MOTORES PROPULSORES DE COMBUSTION INTERNA/[2331] - MOTOR PROPULSOR PRINCIPAL NRO 1 (ER)/Ficha técnica del motor elélctrico Hoyer HMC2 para accionar la bomba auxiliar del motor MAN 12V175D - 001.pdf,Ficha técnica del motor elélctrico Hoyer HMC2 para accionar la bomba auxiliar del motor MAN 12V175D - 001,ficha tecnica del motor elelctrico hoyer hmc2 para accionar la bomba auxiliar del motor man 12v175d 001,datasheet,false,,false,false,[233] - MOTORES PROPULSORES DE COMBUSTION INTERNA
media/uploads/equipo_docs/GRUPO 200/[233] - MOTORES PROPULSORES DE COMBUSTION INTERNA/[2331] - MOTOR PROPULSOR PRINCIPAL NRO 1 (ER)/Ficha técnica y guía de instalación y mantenimiento del motor diésel marino MAN 12V175D-ML - 001.pdf,Ficha técnica y guía de instalación y mantenimiento del motor diésel marino MAN 12V175D-ML - 001,ficha tecnica y guia de instalacion y mantenimiento del motor diesel marino man 12v175d ml 001,"manual,datasheet",false,,false,false,[233] - MOTORES PROPULSORES DE COMBUSTION INTERNA
media/uploads/equipo_docs/GRUPO 200/[233] - MOTORES PROPULSORES DE COMBUSTION INTERNA/[2331] - MOTOR PROPULSOR PRINCIPAL NRO 1 (ER)/Guía de calidad del motor propulsor MAN 12V175D - 001.pdf,Guía de calidad del motor propulsor MAN 12V175D - 001,guia de calidad del motor propulsor man 12v175d 001,manual,false,,true,true,[233] - MOTORES PROPULSORES DE COMBUSTION INTERNA
media/uploads/equipo_docs/GRUPO 200/[233] - MOTORES PROPULSORES DE COMBUSTION INTERNA/[2331] - MOTOR PROPULSOR PRINCIPAL NRO 1 (ER)/Guía de conexiónes flexibles del motor propulsor MAN 12V175D - 001.pdf,Guía de conexiónes flexibles del motor propulsor MAN 12V175D - 001,guia de conexiones flexibles del motor propulsor man 12v175d 001,manual,false,,true,true,[233] - MOTORES PROPULSORES DE COMBUSTION INTERNA
media/uploads/equipo_docs/GRUPO 200/[233] - MOTORES PROPULSORES DE COMBUSTION INTERNA/[2331] - MOTOR PROPULSOR PRINCIPAL NRO 1 (ER)/Guía de funcionamiento y manual de instrucciones para Visco-Damper HASSE & WREDE GmbH - 001.pdf,Guía de funcionamiento y manual de instrucciones para Visco-Damper HASSE & WREDE GmbH - 001,guia de funcionamiento y manual de instrucciones para visco damper hasse & wrede gmbh 001,manual,false,,false,false,[233] - MOTORES PROPULSORES DE COMBUSTION INTERNA
media/uploads/equipo_docs/GRUPO 200/[233] - MOTORES PROPULSORES DE COMBUSTION INTERNA/[2331] - MOTOR PROPULSOR PRINCIPAL NRO 1 (ER)/Guía de preservación depués de desempacado motor propulsor MAN 12V175D - 001.pdf,Guía de preservación depués de desempacado motor propulsor MAN 12V175D - 001,guia de preservacion depues de desempacado motor propulsor man 12v175d 001,manual,false,,true,true,[233] - MOTORES PROPULSORES DE COMBUSTION INTERNA
media/uploads/equipo_docs/GRUPO 200/[233] - MOTORES PROPULSORES DE COMBUSTION INTERNA/[2331] - MOTOR PROPULSOR PRINCIPAL NRO 1 (ER)/Guía de preservación durante almacenamiento del motor propulsor MAN 12V175D - 001.pdf,Guía de preservación durante almacenamiento del motor propulsor MAN 12V175D - 001,guia de preservacion durante almacenamiento del motor propulsor man 12v175d 001,manual,false,,true,true,[233] - MOTORES PROPULSORES DE COMBUSTION INTERNA
media/uploads/equipo_docs/GRUPO 200/[233] - MOTORES PROPULSORES DE COMBUSTION INTERNA/[2331] - MOTOR PROPULSOR PRINCIPAL NRO 1 (ER)/Guía de proyecto del motor propulsor MAN 12V175D - 001.pdf,Guía de proyecto del motor propulsor MAN 12V175D - 001,guia de proyecto del motor propulsor man 12v175d 001,manual,false,,true,true,[233] - MOTORES PROPULSORES DE COMBUSTION INTERNA
media/uploads/equipo_docs/GRUPO 200/[233] - MOTORES PROPULSORES DE COMBUSTION INTERNA/[2331] - MOTOR PROPULSOR PRINCIPAL NRO 1 (ER)/Hoja de datos bomba de agua refrigerante del motor MAN 12V175D - 001. curva de eficiencia.pdf,Hoja de datos bomba de agua refrigerante del motor MAN 12V175D - 001. curva de eficiencia,hoja de datos bomba de agua refrigerante del motor man 12v175d 001 curva de eficiencia,manual,false,,true,true,[233] - MOTORES PROPULSORES DE COMBUSTION INTERNA
media/uploads/equipo_docs/GRUPO 200/[233] - MOTORES PROPULSORES DE COMBUSTION INTERNA/[2331] - MOTOR PROPULSOR PRINCIPAL NRO 1 (ER)/Hoja de datos de alineación del motor MAN 12V175D - 001.pdf,Hoja de datos de alineación del motor MAN 12V175D - 001,hoja de datos de alineacion del motor man 12v175d 001,manual,false,,true,true,[233] - MOTORES PROPULSORES DE COMBUSTION INTERNA
media/uploads/equipo_docs/GRUPO 200/[233] - MOTORES PROPULSORES DE COMBUSTION INTERNA/[2331] - MOTOR PROPULSOR PRINCIPAL NRO 1 (ER)/Hoja técnica de consumidores eléctricos del sistema de propulsión basado en el motor MAN 12V175D - 001.pdf,Hoja técnica de consumidores eléctricos del sistema de propulsión basado en el motor MAN 12V175D - 001,hoja tecnica de consumidores electricos del sistema de propulsion basado en el motor man 12v175d 001,datasheet,false,,false,false,[233] - MOTORES PROPULSORES DE COMBUSTION INTERNA
media/uploads/equipo_docs/GRUPO 200/[233] - MOTORES PROPULSORES DE COMBUSTION INTERNA/[2331] - MOTOR PROPULSOR PRINCIPAL NRO 1 (ER)/Hoja técnica de descripción del motor MAN 12V175D - 001.pdf,Hoja técnica de descripción del motor MAN 12V175D - 001,hoja tecnica de descripcion del motor man 12v175d 001,datasheet,false,,false,false,[233] - MOTORES PROPULSORES DE COMBUSTION INTERNA
media/uploads/equipo_docs/GRUPO 200/[233] - MOTORES PROPULSORES DE COMBUSTION INTERNA/[2331] - MOTOR PROPULSOR PRINCIPAL NRO 1 (ER)/Hoja técnica de instrucciones de montaje para sensores de nivel BEDIA - 001 (equipo asociado).pdf,Hoja técnica de instrucciones de montaje para sensores de nivel BEDIA - 001 (equipo asociado),hoja tecnica de instrucciones de montaje para sensores de nivel bedia 001 equipo asociado,"manual,datasheet",false,,false,false,[233] - MOTORES PROPULSORES DE COMBUSTION INTERNA
media/uploads/equipo_docs/GRUPO 200/[233] - MOTORES PROPULSORES DE COMBUSTION INTERNA/[2331] - MOTOR PROPULSOR PRINCIPAL NRO 1 (ER)/Instrucciones de servicio y mantenimiento del filtro de combustible 1800-2200 UC HYDAC - 001 (equipo asociado).pdf,Instrucciones de servicio y mantenimiento del filtro de combustible 1800-2200 UC HYDAC - 001 (equipo asociado),instrucciones de servicio y mantenimiento del filtro de combustible 1800 2200 uc hydac 001 equipo asociado,manual,false,,false,false,[233] - MOTORES PROPULSORES DE COMBUSTION INTERNA
media/uploads/equipo_docs/GRUPO 200/[233] - MOTORES PROPULSORES DE COMBUSTION INTERNA/[2331] - MOTOR PROPULSOR PRINCIPAL NRO 1 (ER)/Lista de aceites lubricantes aprobados para el motor MAN 175D.pdf,Lista de aceites lubricantes aprobados para el motor MAN 175D,lista de aceites lubricantes aprobados para el motor man 175d,,true,"manual_herramientas,manual_partes",false,false,[233] - MOTORES PROPULSORES DE COMBUSTION INTERNA
media/uploads/equipo_docs/GRUPO 200/[233] - MOTORES PROPULSORES DE COMBUSTION INTERNA/[2331] - MOTOR PROPULSOR PRINCIPAL NRO 1 (ER)/Lista de dispositivos de medición y control del motor MAN 12V175D - 001.pdf,Lista de dispositivos de medición y control del motor MAN 12V175D - 001,lista de dispositivos de medicion y control del motor man 12v175d 001,,true,"manual_herramientas,manual_partes",false,false,[233] - MOTORES PROPULSORES DE COMBUSTION INTERNA
media/uploads/equipo_docs/GRUPO 200/[233] - MOTORES PROPULSORES DE COMBUSTION INTERNA/[2331] - MOTOR PROPULSOR PRINCIPAL NRO 1 (ER)/Lista de repuestos para el motor MAN 12V175D - 001.pdf,Lista de repuestos para el motor MAN 12V175D - 001,lista de repuestos para el motor man 12v175d 001,,true,"manual_herramientas,manual_partes",false,false,[233] - MOTORES PROPULSORES DE COMBUSTION INTERNA
media/uploads/equipo_docs/GRUPO 200/[233] - MOTORES PROPULSORES DE COMBUSTION INTERNA/[2331] - MOTOR PROPULSOR PRINCIPAL NRO 1 (ER)/Lista de señales para el sistema de control del motor basado en protocolo Modbus SaCoS One MAN - 001.pdf,Lista de señales para el sistema de control del motor basado en protocolo Modbus SaCoS One MAN - 001,lista de senales para el sistema de control del motor basado en protocolo modbus sacos one man 001,manual,true,"manual_herramientas,manual_partes",false,false,[233] - MOTORES PROPULSORES DE COMBUSTION INTERNA
"media/uploads/equipo_docs/GRUPO 200/[233] - MOTORES PROPULSORES DE COMBUSTION INTERNA/[2331] - MOTOR PROPULSOR PRINCIPAL NRO 1 (ER)/Manual de funcionamiento de las bombas centrífugas HT, KZ, LT, MZ, NT y SW - Tipo SW 80 200L STEIMEL - 001 (equipo asociado).pdf","Manual de funcionamiento de las bombas centrífugas HT, KZ, LT, MZ, NT y SW - Tipo SW 80 200L STEIMEL - 001 (equipo asociado)",manual de funcionamiento de las bombas centrifugas ht kz lt mz nt y sw tipo sw 80 200l steimel 001 equipo asociado,manual,false,,false,false,[233] - MOTORES PROPULSORES DE COMBUSTION INTERNA
media/uploads/equipo_docs/GRUPO 200/[233] - MOTORES PROPULSORES DE COMBUSTION INTERNA/[2331] - MOTOR PROPULSOR PRINCIPAL NRO 1 (ER)/Manual de funcionamiento del enfriador de aire de carga MAHLE - 001 (equipo asociado).pdf,Manual de funcionamiento del enfriador de aire de carga MAHLE - 001 (equipo asociado),manual de funcionamiento del enfriador de aire de carga mahle 001 equipo asociado,manual,false,,false,false,[233] - MOTORES PROPULSORES DE COMBUSTION INTERNA
media/uploads/equipo_docs/GRUPO 200/[233] - MOTORES PROPULSORES DE COMBUSTION INTERNA/[2331] - MOTOR PROPULSOR PRINCIPAL NRO 1 (ER)/Manual de funcionamiento para juntas de expansión SENIOR FLEXONICS - 001 (equipo asociado).pdf,Manual de funcionamiento para juntas de expansión SENIOR FLEXONICS - 001 (equipo asociado),manual de funcionamiento para juntas de expansion senior flexonics 001 equipo asociado,manual,false,,false,false,[233] - MOTORES PROPULSORES DE COMBUSTION INTERNA
media/uploads/equipo_docs/GRUPO 200/[233] - MOTORES PROPULSORES DE COMBUSTION INTERNA/[2331] - MOTOR PROPULSOR PRINCIPAL NRO 1 (ER)/Manual de funcionamiento y mantenimiento para compensadores metálicos WITZENMANN - 001 (equipo asociado).pdf,Manual de funcionamiento y mantenimiento para compensadores metálicos WITZENMANN - 001 (equipo asociado),manual de funcionamiento y mantenimiento para compensadores metalicos witzenmann 001 equipo asociado,manual,false,,false,false,[233] - MOTORES PROPULSORES DE COMBUSTION INTERNA
media/uploads/equipo_docs/GRUPO 200/[233] - MOTORES PROPULSORES DE COMBUSTION INTERNA/[2331] - MOTOR PROPULSOR PRINCIPAL NRO 1 (ER)/Manual de instalación de montura cónica RD 214 del motor MAN 12V175D - 001.pdf,Manual de instalación de montura cónica RD 214 del motor MAN 12V175D - 001,manual de instalacion de montura conica rd 214 del motor man 12v175d 001,manual,false,,false,false,[233] - MOTORES PROPULSORES DE COMBUSTION INTERNA
media/uploads/equipo_docs/GRUPO 200/[233] - MOTORES PROPULSORES DE COMBUSTION INTERNA/[2331] - MOTOR PROPULSOR PRINCIPAL NRO 1 (ER)/Manual de instalación del filtro duplex Pi 214 de Filtration Group GmbH MAN - 001 (equipo asociado).pdf,Manual de instalación del filtro duplex Pi 214 de Filtration Group GmbH MAN - 001 (equipo asociado),manual de instalacion del filtro duplex pi 214 de filtration group gmbh man 001 equipo asociado,manual,false,,false,false,[233] - MOTORES PROPULSORES DE COMBUSTION INTERNA
media/uploads/equipo_docs/GRUPO 200/[233] - MOTORES PROPULSORES DE COMBUSTION INTERNA/[2331] - MOTOR PROPULSOR PRINCIPAL NRO 1 (ER)/Manual de instalación general del motor diésel marino MAN 12V175D - 001.pdf,Manual de instalación general del motor diésel marino MAN 12V175D - 001,manual de instalacion general del motor diesel marino man 12v175d 001,manual,false,,false,false,[233] - MOTORES PROPULSORES DE COMBUSTION INTERNA
media/uploads/equipo_docs/GRUPO 200/[233] - MOTORES PROPULSORES DE COMBUSTION INTERNA/[2331] - MOTOR PROPULSOR PRINCIPAL NRO 1 (ER)/Manual de instalación para los filtros Pi 370 - Pi 3700 de Filtration Group GmbH MAN - 001 (equipo asociado).pdf,Manual de instalación para los filtros Pi 370 - Pi 3700 de Filtration Group GmbH MAN - 001 (equipo asociado),manual de instalacion para los filtros pi 370 pi 3700 de filtration group gmbh man 001 equipo asociado,manual,false,,false,false,[233] - MOTORES PROPULSORES DE COMBUSTION INTERNA
media/uploads/equipo_docs/GRUPO 200/[233] - MOTORES PROPULSORES DE COMBUSTION INTERNA/[2331] - MOTOR PROPULSOR PRINCIPAL NRO 1 (ER)/Manual de instalación y mantenimiento de los soportes cónicos RD 314 RUBBER DESIGN - 001 (equipo asociado).pdf,Manual de instalación y mantenimiento de los soportes cónicos RD 314 RUBBER DESIGN - 001 (equipo asociado),manual de instalacion y mantenimiento de los soportes conicos rd 314 rubber design 001 equipo asociado,manual,false,,false,false,[233] - MOTORES PROPULSORES DE COMBUSTION INTERNA
media/uploads/equipo_docs/GRUPO 200/[233] - MOTORES PROPULSORES DE COMBUSTION INTERNA/[2331] - MOTOR PROPULSOR PRINCIPAL NRO 1 (ER)/Manual de instalación y mantenimiento del filtro centrífugo MANN+HUMMEL FM400 - 001 (equipo asociado).pdf,Manual de instalación y mantenimiento del filtro centrífugo MANN+HUMMEL FM400 - 001 (equipo asociado),manual de instalacion y mantenimiento del filtro centrifugo mann+hummel fm400 001 equipo asociado,manual,false,,false,false,[233] - MOTORES PROPULSORES DE COMBUSTION INTERNA
media/uploads/equipo_docs/GRUPO 200/[233] - MOTORES PROPULSORES DE COMBUSTION INTERNA/[2331] - MOTOR PROPULSOR PRINCIPAL NRO 1 (ER)/Manual de instalación y mantenimiento del filtro para aplicaciones marinas MANN+HUMMEL - 001 (equipo asociado).pdf,Manual de instalación y mantenimiento del filtro para aplicaciones marinas MANN+HUMMEL - 001 (equipo asociado),manual de instalacion y mantenimiento del filtro para aplicaciones marinas mann+hummel 001 equipo asociado,manual,false,,false,false,[233] - MOTORES PROPULSORES DE COMBUSTION INTERNA
media/uploads/equipo_docs/GRUPO 200/[233] - MOTORES PROPULSORES DE COMBUSTION INTERNA/[2331] - MOTOR PROPULSOR PRINCIPAL NRO 1 (ER)/Manual de instalación y mantenimiento del silenciador de escape SILENTOR - 001 (equipo asociado).pdf,Manual de instalación y mantenimiento del silenciador de escape SILENTOR - 001 (equipo asociado),manual de instalacion y mantenimiento del silenciador de escape silentor 001 equipo asociado,manual,false,,false,false,[233] - MOTORES PROPULSORES DE COMBUSTION INTERNA
"media/uploads/equipo_docs/GRUPO 200/[233] - MOTORES PROPULSORES DE COMBUSTION INTERNA/[2331] - MOTOR PROPULSOR PRINCIPAL NRO 1 (ER)/Manual de instalación, mantenimiento y despiece para el kit de arranque neumático tipo S30 GALI - 001 (equipo asociado).pdf","Manual de instalación, mantenimiento y despiece para el kit de arranque neumático tipo S30 GALI - 001 (equipo asociado)",manual de instalacion mantenimiento y despiece para el kit de arranque neumatico tipo s30 gali 001 equipo asociado,manual,false,,false,false,[233] - MOTORES PROPULSORES DE COMBUSTION INTERNA
"media/uploads/equipo_docs/GRUPO 200/[233] - MOTORES PROPULSORES DE COMBUSTION INTERNA/[2331] - MOTOR PROPULSOR PRINCIPAL NRO 1 (ER)/Manual de instalación, mantenimiento y reparación de la válvula de presión DN 50 KRACHT GmbH - 001 (equipo asociado).pdf","Manual de instalación, mantenimiento y reparación de la válvula de presión DN 50 KRACHT GmbH - 001 (equipo asociado)",manual de instalacion mantenimiento y reparacion de la valvula de presion dn 50 kracht gmbh 001 equipo asociado,manual,false,,false,false,[233] - MOTORES PROPULSORES DE COMBUSTION INTERNA
media/uploads/equipo_docs/GRUPO 200/[233] - MOTORES PROPULSORES DE COMBUSTION INTERNA/[2331] - MOTOR PROPULSOR PRINCIPAL NRO 1 (ER)/Manual de instrucciones de instalación motor MAN - 001.pdf,Manual de instrucciones de instalación motor MAN - 001,manual de instrucciones de instalacion motor man 001,manual,false,,false,false,[233] - MOTORES PROPULSORES DE COMBUSTION INTERNA
media/uploads/equipo_docs/GRUPO 200/[233] - MOTORES PROPULSORES DE COMBUSTION INTERNA/[2331] - MOTOR PROPULSOR PRINCIPAL NRO 1 (ER)/Manual de instrucciones de mantenimiento MAN12V175D.pdf,Manual de instrucciones de mantenimiento MAN12V175D,manual de instrucciones de mantenimiento man12v175d,manual,false,,false,false,[233] - MOTORES PROPULSORES DE COMBUSTION INTERNA
media/uploads/equipo_docs/GRUPO 200/[233] - MOTORES PROPULSORES DE COMBUSTION INTERNA/[2331] - MOTOR PROPULSOR PRINCIPAL NRO 1 (ER)/Manual de instrucciones de uso del travesaño cruzado tipo M180473 de MIPROMET - 001 (equipo asociado).pdf,Manual de instrucciones de uso del travesaño cruzado tipo M180473 de MIPROMET - 001 (equipo asociado),manual de instrucciones de uso del travesano cruzado tipo m180473 de mipromet 001 equipo asociado,manual,false,,false,false,[233] - MOTORES PROPULSORES DE COMBUSTION INTERNA
media/uploads/equipo_docs/GRUPO 200/[233] - MOTORES PROPULSORES DE COMBUSTION INTERNA/[2331] - MOTOR PROPULSOR PRINCIPAL NRO 1 (ER)/Manual de instrucciones del enfriador de aceite de motor MAHLE modelos MT524 a MT532 - 001 (equipo asociado).pdf,Manual de instrucciones del enfriador de aceite de motor MAHLE modelos MT524 a MT532 - 001 (equipo asociado),manual de instrucciones del enfriador de aceite de motor mahle modelos mt524 a mt532 001 equipo asociado,manual,false,,false,false,[233] - MOTORES PROPULSORES DE COMBUSTION INTERNA
media/uploads/equipo_docs/GRUPO 200/[233] - MOTORES PROPULSORES DE COMBUSTION INTERNA/[2331] - MOTOR PROPULSOR PRINCIPAL NRO 1 (ER)/Manual de mantenimiento del sistema de ventilación de cárter ProVent 500 de MANN+HUMMEL - 001 (equipo asociado).pdf,Manual de mantenimiento del sistema de ventilación de cárter ProVent 500 de MANN+HUMMEL - 001 (equipo asociado),manual de mantenimiento del sistema de ventilacion de carter provent 500 de mann+hummel 001 equipo asociado,manual,false,,false,false,[233] - MOTORES PROPULSORES DE COMBUSTION INTERNA
media/uploads/equipo_docs/GRUPO 200/[233] - MOTORES PROPULSORES DE COMBUSTION INTERNA/[2331] - MOTOR PROPULSOR PRINCIPAL NRO 1 (ER)/Manual de montaje y mantenimiento bomba de engranajes R89635 FL-K RICKMEIER - 001 (equipo asociado).pdf,Manual de montaje y mantenimiento bomba de engranajes R89635 FL-K RICKMEIER - 001 (equipo asociado),manual de montaje y mantenimiento bomba de engranajes r89635 fl k rickmeier 001 equipo asociado,manual,false,,false,false,[233] - MOTORES PROPULSORES DE COMBUSTION INTERNA
media/uploads/equipo_docs/GRUPO 200/[233] - MOTORES PROPULSORES DE COMBUSTION INTERNA/[2331] - MOTOR PROPULSOR PRINCIPAL NRO 1 (ER)/Manual de operación y mantenimiento para válvulas de seguridad contra explosiones tipo EVO HOERBIGER - 001 (equipo asociado).pdf,Manual de operación y mantenimiento para válvulas de seguridad contra explosiones tipo EVO HOERBIGER - 001 (equipo asociado),manual de operacion y mantenimiento para valvulas de seguridad contra explosiones tipo evo hoerbiger 001 equipo asociado,manual,false,,false,false,[233] - MOTORES PROPULSORES DE COMBUSTION INTERNA
media/uploads/equipo_docs/GRUPO 200/[233] - MOTORES PROPULSORES DE COMBUSTION INTERNA/[2331] - MOTOR PROPULSOR PRINCIPAL NRO 1 (ER)/Manual de proyecto y disposición de instalación – Motor diésel marino MAN 12V175D.pdf.pdf,Manual de proyecto y disposición de instalación – Motor diésel marino MAN 12V175D.pdf,manual de proyecto y disposicion de instalacion – motor diesel marino man 12v175d pdf,manual,false,,false,false,[233] - MOTORES PROPULSORES DE COMBUSTION INTERNA
media/uploads/equipo_docs/GRUPO 200/[233] - MOTORES PROPULSORES DE COMBUSTION INTERNA/[2331] - MOTOR PROPULSOR PRINCIPAL NRO 1 (ER)/Manual de rearme después de transporte del motor MAN 12V175D - 001.pdf,Manual de rearme después de transporte del motor MAN 12V175D - 001,manual de rearme despues de transporte del motor man 12v175d 001,manual,false,,false,false,[233] - MOTORES PROPULSORES DE COMBUSTION INTERNA
media/uploads/equipo_docs/GRUPO 200/[233] - MOTORES PROPULSORES DE COMBUSTION INTERNA/[2331] - MOTOR PROPULSOR PRINCIPAL NRO 1 (ER)/Manual de seguridad del sistema de propulsión del motor MAN 12V175D - 001.pdf,Manual de seguridad del sistema de propulsión del motor MAN 12V175D - 001,manual de seguridad del sistema de propulsion del motor man 12v175d 001,manual,false,,false,false,[233] - MOTORES PROPULSORES DE COMBUSTION INTERNA
media/uploads/equipo_docs/GRUPO 200/[233] - MOTORES PROPULSORES DE COMBUSTION INTERNA/[2331] - MOTOR PROPULSOR PRINCIPAL NRO 1 (ER)/Manual de servicio y mantenimiento de mangueras hidráulicas HANSA- FLEX - 001 (equipo asociado).pdf,Manual de servicio y mantenimiento de mangueras hidráulicas HANSA- FLEX - 001 (equipo asociado),manual de servicio y mantenimiento de mangueras hidraulicas hansa flex 001 equipo asociado,manual,false,,false,false,[233] - MOTORES PROPULSORES DE COMBUSTION INTERNA
media/uploads/equipo_docs/GRUPO 200/[233] - MOTORES PROPULSORES DE COMBUSTION INTERNA/[2331] - MOTOR PROPULSOR PRINCIPAL NRO 1 (ER)/Manual del sistema de automatización del motor MAN 12V175D - 001.pdf,Manual del sistema de automatización del motor MAN 12V175D - 001,manual del sistema de automatizacion del motor man 12v175d 001,manual,false,,false,false,[233] - MOTORES PROPULSORES DE COMBUSTION INTERNA
media/uploads/equipo_docs/GRUPO 200/[233] - MOTORES PROPULSORES DE COMBUSTION INTERNA/[2331] - MOTOR PROPULSOR PRINCIPAL NRO 1 (ER)/Manual técnico de mangueras metálicas WITZENMANN - 001 (equipo asociado).pdf,Manual técnico de mangueras metálicas WITZENMANN - 001 (equipo asociado),manual tecnico de mangueras metalicas witzenmann 001 equipo asociado,manual,false,,false,false,[233] - MOTORES PROPULSORES DE COMBUSTION INTERNA
media/uploads/equipo_docs/GRUPO 200/[233] - MOTORES PROPULSORES DE COMBUSTION INTERNA/[2331] - MOTOR PROPULSOR PRINCIPAL NRO 1 (ER)/Plan de disposición de montaje resiliente para un motor MAN - 001.pdf,Plan de disposición de montaje resiliente para un motor MAN - 001,plan de disposicion de montaje resiliente para un motor man 001,plano,false,,false,false,[233] - MOTORES PROPULSORES DE COMBUSTION INTERNA
media/uploads/equipo_docs/GRUPO 200/[233] - MOTORES PROPULSORES DE COMBUSTION INTERNA/[2331] - MOTOR PROPULSOR PRINCIPAL NRO 1 (ER)/Plano compensador DN150 del sistema de escape del motor MAN 12V175D - 001.pdf,Plano compensador DN150 del sistema de escape del motor MAN 12V175D - 001,plano compensador dn150 del sistema de escape del motor man 12v175d 001,plano,false,,false,false,[233] - MOTORES PROPULSORES DE COMBUSTION INTERNA
media/uploads/equipo_docs/GRUPO 200/[233] - MOTORES PROPULSORES DE COMBUSTION INTERNA/[2331] - MOTOR PROPULSOR PRINCIPAL NRO 1 (ER)/Plano de bomba manual para combustible y aceite del motor MAN 12V175D - 001.pdf,Plano de bomba manual para combustible y aceite del motor MAN 12V175D - 001,plano de bomba manual para combustible y aceite del motor man 12v175d 001,"manual,plano",false,,false,false,[233] - MOTORES PROPULSORES DE COMBUSTION INTERNA
media/uploads/equipo_docs/GRUPO 200/[233] - MOTORES PROPULSORES DE COMBUSTION INTERNA/[2331] - MOTOR PROPULSOR PRINCIPAL NRO 1 (ER)/Plano de disposición física de la unidad de control (CU) del motor MAN 12V175D - 001.pdf,Plano de disposición física de la unidad de control (CU) del motor MAN 12V175D - 001,plano de disposicion fisica de la unidad de control cu del motor man 12v175d 001,plano,false,,false,false,[233] - MOTORES PROPULSORES DE COMBUSTION INTERNA
media/uploads/equipo_docs/GRUPO 200/[233] - MOTORES PROPULSORES DE COMBUSTION INTERNA/[2331] - MOTOR PROPULSOR PRINCIPAL NRO 1 (ER)/Plano de instalación del motor diésel marino MAN 12V175D - 001.pdf,Plano de instalación del motor diésel marino MAN 12V175D - 001,plano de instalacion del motor diesel marino man 12v175d 001,"manual,plano",false,,false,false,[233] - MOTORES PROPULSORES DE COMBUSTION INTERNA
media/uploads/equipo_docs/GRUPO 200/[233] - MOTORES PROPULSORES DE COMBUSTION INTERNA/[2331] - MOTOR PROPULSOR PRINCIPAL NRO 1 (ER)/Plano de la bomba de lubricación del motor MAN 12V175D - 001.pdf,Plano de la bomba de lubricación del motor MAN 12V175D - 001,plano de la bomba de lubricacion del motor man 12v175d 001,plano,false,,false,false,[233] - MOTORES PROPULSORES DE COMBUSTION INTERNA
media/uploads/equipo_docs/GRUPO 200/[233] - MOTORES PROPULSORES DE COMBUSTION INTERNA/[2331] - MOTOR PROPULSOR PRINCIPAL NRO 1 (ER)/Plano de la bomba stand-by sistema de lubricación del motor MAN 12V175D - 001.pdf,Plano de la bomba stand-by sistema de lubricación del motor MAN 12V175D - 001,plano de la bomba stand by sistema de lubricacion del motor man 12v175d 001,plano,false,,false,false,[233] - MOTORES PROPULSORES DE COMBUSTION INTERNA
media/uploads/equipo_docs/GRUPO 200/[233] - MOTORES PROPULSORES DE COMBUSTION INTERNA/[2331] - MOTOR PROPULSOR PRINCIPAL NRO 1 (ER)/Plano de los puntos de medición y sensores instalados del motor MAN 12V175D - 001.pdf,Plano de los puntos de medición y sensores instalados del motor MAN 12V175D - 001,plano de los puntos de medicion y sensores instalados del motor man 12v175d 001,plano,false,,false,false,[233] - MOTORES PROPULSORES DE COMBUSTION INTERNA
media/uploads/equipo_docs/GRUPO 200/[233] - MOTORES PROPULSORES DE COMBUSTION INTERNA/[2331] - MOTOR PROPULSOR PRINCIPAL NRO 1 (ER)/Plano de manguera flexible de PTFE para el motor MAN 12V175D - 001.pdf,Plano de manguera flexible de PTFE para el motor MAN 12V175D - 001,plano de manguera flexible de ptfe para el motor man 12v175d 001,plano,false,,false,false,[233] - MOTORES PROPULSORES DE COMBUSTION INTERNA
media/uploads/equipo_docs/GRUPO 200/[233] - MOTORES PROPULSORES DE COMBUSTION INTERNA/[2331] - MOTOR PROPULSOR PRINCIPAL NRO 1 (ER)/Plano de manguera flexible para el motor MAN 12V175D - 001.pdf,Plano de manguera flexible para el motor MAN 12V175D - 001,plano de manguera flexible para el motor man 12v175d 001,plano,false,,false,false,[233] - MOTORES PROPULSORES DE COMBUSTION INTERNA
media/uploads/equipo_docs/GRUPO 200/[233] - MOTORES PROPULSORES DE COMBUSTION INTERNA/[2331] - MOTOR PROPULSOR PRINCIPAL NRO 1 (ER)/Plano de manguera flexible para el motor MAN 12V175D - 002.pdf,Plano de manguera flexible para el motor MAN 12V175D - 002,plano de manguera flexible para el motor man 12v175d 002,plano,false,,false,false,[233] - MOTORES PROPULSORES DE COMBUSTION INTERNA
media/uploads/equipo_docs/GRUPO 200/[233] - MOTORES PROPULSORES DE COMBUSTION INTERNA/[2331] - MOTOR PROPULSOR PRINCIPAL NRO 1 (ER)/Plano de manguera flexible para el motor MAN 12V175D - 003.pdf,Plano de manguera flexible para el motor MAN 12V175D - 003,plano de manguera flexible para el motor man 12v175d 003,plano,false,,false,false,[233] - MOTORES PROPULSORES DE COMBUSTION INTERNA
media/uploads/equipo_docs/GRUPO 200/[233] - MOTORES PROPULSORES DE COMBUSTION INTERNA/[2331] - MOTOR PROPULSOR PRINCIPAL NRO 1 (ER)/Plano de montaje de cojinete cónico RD 214 entre la consola en el motor y la base MAN - 001.pdf,Plano de montaje de cojinete cónico RD 214 entre la consola en el motor y la base MAN - 001,plano de montaje de cojinete conico rd 214 entre la consola en el motor y la base man 001,plano,false,,false,false,[233] - MOTORES PROPULSORES DE COMBUSTION INTERNA
media/uploads/equipo_docs/GRUPO 200/[233] - MOTORES PROPULSORES DE COMBUSTION INTERNA/[2331] - MOTOR PROPULSOR PRINCIPAL NRO 1 (ER)/Plano de montaje de cojinete cónico RD 215 entre la consola en el motor y la base MAN - 001.pdf,Plano de montaje de cojinete cónico RD 215 entre la consola en el motor y la base MAN - 001,plano de montaje de cojinete conico rd 215 entre la consola en el motor y la base man 001,plano,false,,false,false,[233] - MOTORES PROPULSORES DE COMBUSTION INTERNA
media/uploads/equipo_docs/GRUPO 200/[233] - MOTORES PROPULSORES DE COMBUSTION INTERNA/[2331] - MOTOR PROPULSOR PRINCIPAL NRO 1 (ER)/Plano de montaje resiliente del motor diésel marino MAN 12V175D - 001.pdf,Plano de montaje resiliente del motor diésel marino MAN 12V175D - 001,plano de montaje resiliente del motor diesel marino man 12v175d 001,plano,false,,false,false,[233] - MOTORES PROPULSORES DE COMBUSTION INTERNA
media/uploads/equipo_docs/GRUPO 200/[233] - MOTORES PROPULSORES DE COMBUSTION INTERNA/[2331] - MOTOR PROPULSOR PRINCIPAL NRO 1 (ER)/Plano de transporte y elevación para el motor MAN 12V175D - 001.pdf,Plano de transporte y elevación para el motor MAN 12V175D - 001,plano de transporte y elevacion para el motor man 12v175d 001,plano,false,,false,false,[233] - MOTORES PROPULSORES DE COMBUSTION INTERNA
media/uploads/equipo_docs/GRUPO 200/[233] - MOTORES PROPULSORES DE COMBUSTION INTERNA/[2331] - MOTOR PROPULSOR PRINCIPAL NRO 1 (ER)/Plano de una línea metálica flexible DN16 para el motor MAN 12V175D - 001.pdf,Plano de una línea metálica flexible DN16 para el motor MAN 12V175D - 001,plano de una linea metalica flexible dn16 para el motor man 12v175d 001,plano,false,,false,false,[233] - MOTORES PROPULSORES DE COMBUSTION INTERNA
media/uploads/equipo_docs/GRUPO 200/[233] - MOTORES PROPULSORES DE COMBUSTION INTERNA/[2331] - MOTOR PROPULSOR PRINCIPAL NRO 1 (ER)/Plano de una línea metálica flexible DN16 para el motor MAN 12V175D - 002.pdf,Plano de una línea metálica flexible DN16 para el motor MAN 12V175D - 002,plano de una linea metalica flexible dn16 para el motor man 12v175d 002,plano,false,,false,false,[233] - MOTORES PROPULSORES DE COMBUSTION INTERNA
media/uploads/equipo_docs/GRUPO 200/[233] - MOTORES PROPULSORES DE COMBUSTION INTERNA/[2331] - MOTOR PROPULSOR PRINCIPAL NRO 1 (ER)/Plano del compensador de caucho reforzado con alambre de acero Stenflex para motor MAN 12V175D - 001.pdf,Plano del compensador de caucho reforzado con alambre de acero Stenflex para motor MAN 12V175D - 001,plano del compensador de caucho reforzado con alambre de acero stenflex para motor man 12v175d 001,plano,false,,false,false,[233] - MOTORES PROPULSORES DE COMBUSTION INTERNA
media/uploads/equipo_docs/GRUPO 200/[233] - MOTORES PROPULSORES DE COMBUSTION INTERNA/[2331] - MOTOR PROPULSOR PRINCIPAL NRO 1 (ER)/Plano del enfriador de combustible del motor MAN 12V175D - 001.pdf,Plano del enfriador de combustible del motor MAN 12V175D - 001,plano del enfriador de combustible del motor man 12v175d 001,plano,false,,false,false,[233] - MOTORES PROPULSORES DE COMBUSTION INTERNA
media/uploads/equipo_docs/GRUPO 200/[233] - MOTORES PROPULSORES DE COMBUSTION INTERNA/[2331] - MOTOR PROPULSOR PRINCIPAL NRO 1 (ER)/Plano del filtro de combustible duplex del motor MAN 12V175D - 001.pdf,Plano del filtro de combustible duplex del motor MAN 12V175D - 001,plano del filtro de combustible duplex del motor man 12v175d 001,plano,false,,false,false,[233] - MOTORES PROPULSORES DE COMBUSTION INTERNA
media/uploads/equipo_docs/GRUPO 200/[233] - MOTORES PROPULSORES DE COMBUSTION INTERNA/[2331] - MOTOR PROPULSOR PRINCIPAL NRO 1 (ER)/Plano del gabinete de registro de datos del sistema de automatización del motor MAN - 001.pdf,Plano del gabinete de registro de datos del sistema de automatización del motor MAN - 001,plano del gabinete de registro de datos del sistema de automatizacion del motor man 001,plano,false,,false,false,[233] - MOTORES PROPULSORES DE COMBUSTION INTERNA
media/uploads/equipo_docs/GRUPO 200/[233] - MOTORES PROPULSORES DE COMBUSTION INTERNA/[2331] - MOTOR PROPULSOR PRINCIPAL NRO 1 (ER)/Plano del separador de agua del motor MAN 12V175D - 001.pdf,Plano del separador de agua del motor MAN 12V175D - 001,plano del separador de agua del motor man 12v175d 001,plano,false,,false,false,[233] - MOTORES PROPULSORES DE COMBUSTION INTERNA
media/uploads/equipo_docs/GRUPO 200/[233] - MOTORES PROPULSORES DE COMBUSTION INTERNA/[2331] - MOTOR PROPULSOR PRINCIPAL NRO 1 (ER)/Plano del silenciador de gases de escape para el motor MAN 12V175D - 001.pdf,Plano del silenciador de gases de escape para el motor MAN 12V175D - 001,plano del silenciador de gases de escape para el motor man 12v175d 001,plano,false,,false,false,[233] - MOTORES PROPULSORES DE COMBUSTION INTERNA
media/uploads/equipo_docs/GRUPO 200/[233] - MOTORES PROPULSORES DE COMBUSTION INTERNA/[2331] - MOTOR PROPULSOR PRINCIPAL NRO 1 (ER)/Plano del soporte cónico modelo RD 314 para montar motores marinos MAN 12V175D - 001.pdf,Plano del soporte cónico modelo RD 314 para montar motores marinos MAN 12V175D - 001,plano del soporte conico modelo rd 314 para montar motores marinos man 12v175d 001,plano,false,,false,false,[233] - MOTORES PROPULSORES DE COMBUSTION INTERNA
media/uploads/equipo_docs/GRUPO 200/[233] - MOTORES PROPULSORES DE COMBUSTION INTERNA/[2331] - MOTOR PROPULSOR PRINCIPAL NRO 1 (ER)/Plano eléctrico del sistema de calefacción auxiliar ATHF asociado al motor MAN 12V175D - 001.pdf,Plano eléctrico del sistema de calefacción auxiliar ATHF asociado al motor MAN 12V175D - 001,plano electrico del sistema de calefaccion auxiliar athf asociado al motor man 12v175d 001,plano,false,,false,false,[233] - MOTORES PROPULSORES DE COMBUSTION INTERNA
media/uploads/equipo_docs/GRUPO 200/[233] - MOTORES PROPULSORES DE COMBUSTION INTERNA/[2331] - MOTOR PROPULSOR PRINCIPAL NRO 1 (ER)/Plano P&ID de sistema de refrigeración por agua del motor MAN 12V175D - 002.pdf,Plano P&ID de sistema de refrigeración por agua del motor MAN 12V175D - 002,plano p&id de sistema de refrigeracion por agua del motor man 12v175d 002,plano,false,,false,false,[233] - MOTORES PROPULSORES DE COMBUSTION INTERNA
media/uploads/equipo_docs/GRUPO 200/[233] - MOTORES PROPULSORES DE COMBUSTION INTERNA/[2331] - MOTOR PROPULSOR PRINCIPAL NRO 1 (ER)/Plano P&ID del sistema de aire comprimido para arranque del motor MAN 12V175D - 001.pdf,Plano P&ID del sistema de aire comprimido para arranque del motor MAN 12V175D - 001,plano p&id del sistema de aire comprimido para arranque del motor man 12v175d 001,plano,false,,false,false,[233] - MOTORES PROPULSORES DE COMBUSTION INTERNA
media/uploads/equipo_docs/GRUPO 200/[233] - MOTORES PROPULSORES DE COMBUSTION INTERNA/[2331] - MOTOR PROPULSOR PRINCIPAL NRO 1 (ER)/Plano P&ID del sistema de aire comprimido para arranque del motor MAN 12V175D - 002.pdf,Plano P&ID del sistema de aire comprimido para arranque del motor MAN 12V175D - 002,plano p&id del sistema de aire comprimido para arranque del motor man 12v175d 002,plano,false,,false,false,[233] - MOTORES PROPULSORES DE COMBUSTION INTERNA
media/uploads/equipo_docs/GRUPO 200/[233] - MOTORES PROPULSORES DE COMBUSTION INTERNA/[2331] - MOTOR PROPULSOR PRINCIPAL NRO 1 (ER)/Plano P&ID del sistema de aire comprimido para arranque del motor MAN 12V175D - 003.pdf,Plano P&ID del sistema de aire comprimido para arranque del motor MAN 12V175D - 003,plano p&id del sistema de aire comprimido para arranque del motor man 12v175d 003,plano,false,,false,false,[233] - MOTORES PROPULSORES DE COMBUSTION INTERNA
media/uploads/equipo_docs/GRUPO 200/[233] - MOTORES PROPULSORES DE COMBUSTION INTERNA/[2331] - MOTOR PROPULSOR PRINCIPAL NRO 1 (ER)/Plano P&ID del sistema de aire comprimido para arranque del motor MAN 12V175D - 004.pdf,Plano P&ID del sistema de aire comprimido para arranque del motor MAN 12V175D - 004,plano p&id del sistema de aire comprimido para arranque del motor man 12v175d 004,plano,false,,false,false,[233] - MOTORES PROPULSORES DE COMBUSTION INTERNA
media/uploads/equipo_docs/GRUPO 200/[233] - MOTORES PROPULSORES DE COMBUSTION INTERNA/[2331] - MOTOR PROPULSOR PRINCIPAL NRO 1 (ER)/Plano P&ID del sistema de combustible MGO para el motor MAN 12V175D - 001.pdf,Plano P&ID del sistema de combustible MGO para el motor MAN 12V175D - 001,plano p&id del sistema de combustible mgo para el motor man 12v175d 001,plano,false,,false,false,[233] - MOTORES PROPULSORES DE COMBUSTION INTERNA
media/uploads/equipo_docs/GRUPO 200/[233] - MOTORES PROPULSORES DE COMBUSTION INTERNA/[2331] - MOTOR PROPULSOR PRINCIPAL NRO 1 (ER)/Plano P&ID del sistema de combustible MGO para el motor MAN 12V175D - 002.pdf,Plano P&ID del sistema de combustible MGO para el motor MAN 12V175D - 002,plano p&id del sistema de combustible mgo para el motor man 12v175d 002,plano,false,,false,false,[233] - MOTORES PROPULSORES DE COMBUSTION INTERNA
media/uploads/equipo_docs/GRUPO 200/[233] - MOTORES PROPULSORES DE COMBUSTION INTERNA/[2331] - MOTOR PROPULSOR PRINCIPAL NRO 1 (ER)/Plano P&ID del sistema de lubricación del motor MAN 12V175D - 001.pdf,Plano P&ID del sistema de lubricación del motor MAN 12V175D - 001,plano p&id del sistema de lubricacion del motor man 12v175d 001,plano,false,,false,false,[233] - MOTORES PROPULSORES DE COMBUSTION INTERNA
media/uploads/equipo_docs/GRUPO 200/[233] - MOTORES PROPULSORES DE COMBUSTION INTERNA/[2331] - MOTOR PROPULSOR PRINCIPAL NRO 1 (ER)/Plano P&ID del sistema de lubricación del motor MAN 12V175D - 002.pdf,Plano P&ID del sistema de lubricación del motor MAN 12V175D - 002,plano p&id del sistema de lubricacion del motor man 12v175d 002,plano,false,,false,false,[233] - MOTORES PROPULSORES DE COMBUSTION INTERNA
media/uploads/equipo_docs/GRUPO 200/[233] - MOTORES PROPULSORES DE COMBUSTION INTERNA/[2331] - MOTOR PROPULSOR PRINCIPAL NRO 1 (ER)/Plano separador de agua del sistema de aire comprimido del motor MAN 12V175D - 001.pdf,Plano separador de agua del sistema de aire comprimido del motor MAN 12V175D - 001,plano separador de agua del sistema de aire comprimido del motor man 12v175d 001,plano,false,,false,false,[233] - MOTORES PROPULSORES DE COMBUSTION INTERNA
media/uploads/equipo_docs/GRUPO 200/[233] - MOTORES PROPULSORES DE COMBUSTION INTERNA/[2331] - MOTOR PROPULSOR PRINCIPAL NRO 1 (ER)/Protocolo de alineación del cigüeñal del motor MAN 12V175D - 001.pdf,Protocolo de alineación del cigüeñal del motor MAN 12V175D - 001,protocolo de alineacion del ciguenal del motor man 12v175d 001,manual,false,,false,false,[233] - MOTORES PROPULSORES DE COMBUSTION INTERNA
media/uploads/equipo_docs/GRUPO 200/[233] - MOTORES PROPULSORES DE COMBUSTION INTERNA/[2332] - MOTOR PROPULSOR PRINCIPAL NRO 2 (BR)/Catálogo de piezas de repuesto del motor MAN 12V175D.pdf,Catálogo de piezas de repuesto del motor MAN 12V175D,catalogo de piezas de repuesto del motor man 12v175d,,true,"manual_herramientas,manual_partes",false,false,[233] - MOTORES PROPULSORES DE COMBUSTION INTERNA
media/uploads/equipo_docs/GRUPO 200/[233] - MOTORES PROPULSORES DE COMBUSTION INTERNA/[2332] - MOTOR PROPULSOR PRINCIPAL NRO 2 (BR)/Datasheet Motor MAN 12V175D-ML.pdf,Datasheet Motor MAN 12V175D-ML,datasheet motor man 12v175d ml,datasheet,false,,false,false,[233] - MOTORES PROPULSORES DE COMBUSTION INTERNA
media/uploads/equipo_docs/GRUPO 200/[233] - MOTORES PROPULSORES DE COMBUSTION INTERNA/[2332] - MOTOR PROPULSOR PRINCIPAL NRO 2 (BR)/Diagrama unifilar del tren de propulsión de babor MAN 12V175D - 001.pdf,Diagrama unifilar del tren de propulsión de babor MAN 12V175D - 001,diagrama unifilar del tren de propulsion de babor man 12v175d 001,plano,false,,false,false,[233] - MOTORES PROPULSORES DE COMBUSTION INTERNA
media/uploads/equipo_docs/GRUPO 200/[233] - MOTORES PROPULSORES DE COMBUSTION INTERNA/[2332] - MOTOR PROPULSOR PRINCIPAL NRO 2 (BR)/Ficha de datos Cinta Spray Stop T-ISS - 001 (equipo asociado).pdf,Ficha de datos Cinta Spray Stop T-ISS - 001 (equipo asociado),ficha de datos cinta spray stop t iss 001 equipo asociado,datasheet,false,,false,false,[233] - MOTORES PROPULSORES DE COMBUSTION INTERNA
media/uploads/equipo_docs/GRUPO 200/[233] - MOTORES PROPULSORES DE COMBUSTION INTERNA/[2332] - MOTOR PROPULSOR PRINCIPAL NRO 2 (BR)/Ficha técnica de la bomba de lubricación stand-by del motor MAN 12V175D - 001.pdf,Ficha técnica de la bomba de lubricación stand-by del motor MAN 12V175D - 001,ficha tecnica de la bomba de lubricacion stand by del motor man 12v175d 001,datasheet,false,,false,false,[233] - MOTORES PROPULSORES DE COMBUSTION INTERNA
media/uploads/equipo_docs/GRUPO 200/[233] - MOTORES PROPULSORES DE COMBUSTION INTERNA/[2332] - MOTOR PROPULSOR PRINCIPAL NRO 2 (BR)/Ficha técnica de los compensadores de goma tipo AS-1 fabricados por STENFLEX - 001. Manga de flexible.pdf,Ficha técnica de los compensadores de goma tipo AS-1 fabricados por STENFLEX - 001. Manga de flexible,ficha tecnica de los compensadores de goma tipo as 1 fabricados por stenflex 001 manga de flexible,datasheet,false,,false,false,[233] - MOTORES PROPULSORES DE COMBUSTION INTERNA
media/uploads/equipo_docs/GRUPO 200/[233] - MOTORES PROPULSORES DE COMBUSTION INTERNA/[2332] - MOTOR PROPULSOR PRINCIPAL NRO 2 (BR)/Ficha técnica del motor elélctrico Hoyer HMC2 para accionar la bomba auxiliar del motor MAN 12V175D - 001.pdf,Ficha técnica del motor elélctrico Hoyer HMC2 para accionar la bomba auxiliar del motor MAN 12V175D - 001,ficha tecnica del motor elelctrico hoyer hmc2 para accionar la bomba auxiliar del motor man 12v175d 001,datasheet,false,,false,false,[233] - MOTORES PROPULSORES DE COMBUSTION INTERNA
media/uploads/equipo_docs/GRUPO 200/[233] - MOTORES PROPULSORES DE COMBUSTION INTERNA/[2332] - MOTOR PROPULSOR PRINCIPAL NRO 2 (BR)/Ficha técnica y guía de instalación y mantenimiento del motor diésel marino MAN 12V175D-ML - 001.pdf,Ficha técnica y guía de instalación y mantenimiento del motor diésel marino MAN 12V175D-ML - 001,ficha tecnica y guia de instalacion y mantenimiento del motor diesel marino man 12v175d ml 001,"manual,datasheet",false,,false,false,[233] - MOTORES PROPULSORES DE COMBUSTION INTERNA
media/uploads/equipo_docs/GRUPO 200/[233] - MOTORES PROPULSORES DE COMBUSTION INTERNA/[2332] - MOTOR PROPULSOR PRINCIPAL NRO 2 (BR)/Guía de calidad del motor propulsor MAN 12V175D - 001.pdf,Guía de calidad del motor propulsor MAN 12V175D - 001,guia de calidad del motor propulsor man 12v175d 001,manual,false,,true,true,[233] - MOTORES PROPULSORES DE COMBUSTION INTERNA
media/uploads/equipo_docs/GRUPO 200/[233] - MOTORES PROPULSORES DE COMBUSTION INTERNA/[2332] - MOTOR PROPULSOR PRINCIPAL NRO 2 (BR)/Guía de conexiónes flexibles del motor propulsor MAN 12V175D - 001.pdf,Guía de conexiónes flexibles del motor propulsor MAN 12V175D - 001,guia de conexiones flexibles del motor propulsor man 12v175d 001,manual,false,,true,true,[233] - MOTORES PROPULSORES DE COMBUSTION INTERNA
media/uploads/equipo_docs/GRUPO 200/[233] - MOTORES PROPULSORES DE COMBUSTION INTERNA/[2332] - MOTOR PROPULSOR PRINCIPAL NRO 2 (BR)/Guía de funcionamiento y manual de instrucciones para Visco-Damper HASSE & WREDE GmbH - 001.pdf,Guía de funcionamiento y manual de instrucciones para Visco-Damper HASSE & WREDE GmbH - 001,guia de funcionamiento y manual de instrucciones para visco damper hasse & wrede gmbh 001,manual,false,,false,false,[233] - MOTORES PROPULSORES DE COMBUSTION INTERNA
media/uploads/equipo_docs/GRUPO 200/[233] - MOTORES PROPULSORES DE COMBUSTION INTERNA/[2332] - MOTOR PROPULSOR PRINCIPAL NRO 2 (BR)/Guía de preservación depués de desempacado motor propulsor MAN 12V175D - 001.pdf,Guía de preservación depués de desempacado motor propulsor MAN 12V175D - 001,guia de preservacion depues de desempacado motor propulsor man 12v175d 001,manual,false,,true,true,[233] - MOTORES PROPULSORES DE COMBUSTION INTERNA
media/uploads/equipo_docs/GRUPO 200/[233] - MOTORES PROPULSORES DE COMBUSTION INTERNA/[2332] - MOTOR PROPULSOR PRINCIPAL NRO 2 (BR)/Guía de preservación durante almacenamiento del motor propulsor MAN 12V175D - 001.pdf,Guía de preservación durante almacenamiento del motor propulsor MAN 12V175D - 001,guia de preservacion durante almacenamiento del motor propulsor man 12v175d 001,manual,false,,true,true,[233] - MOTORES PROPULSORES DE COMBUSTION INTERNA
media/uploads/equipo_docs/GRUPO 200/[233] - MOTORES PROPULSORES DE COMBUSTION INTERNA/[2332] - MOTOR PROPULSOR PRINCIPAL NRO 2 (BR)/Guía de proyecto del motor propulsor MAN 12V175D - 001.pdf,Guía de proyecto del motor propulsor MAN 12V175D - 001,guia de proyecto del motor propulsor man 12v175d 001,manual,false,,true,true,[233] - MOTORES PROPULSORES DE COMBUSTION INTERNA
media/uploads/equipo_docs/GRUPO 200/[233] - MOTORES PROPULSORES DE COMBUSTION INTERNA/[2332] - MOTOR PROPULSOR PRINCIPAL NRO 2 (BR)/Hoja de datos bomba de agua refrigerante del motor MAN 12V175D - 001. curva de eficiencia.pdf,Hoja de datos bomba de agua refrigerante del motor MAN 12V175D - 001. curva de eficiencia,hoja de datos bomba de agua refrigerante del motor man 12v175d 001 curva de eficiencia,manual,false,,true,true,[233] - MOTORES PROPULSORES DE COMBUSTION INTERNA
media/uploads/equipo_docs/GRUPO 200/[233] - MOTORES PROPULSORES DE COMBUSTION INTERNA/[2332] - MOTOR PROPULSOR PRINCIPAL NRO 2 (BR)/Hoja de datos de alineación del motor MAN 12V175D - 001.pdf,Hoja de datos de alineación del motor MAN 12V175D - 001,hoja de datos de alineacion del motor man 12v175d 001,manual,false,,true,true,[233] - MOTORES PROPULSORES DE COMBUSTION INTERNA
media/uploads/equipo_docs/GRUPO 200/[233] - MOTORES PROPULSORES DE COMBUSTION INTERNA/[2332] - MOTOR PROPULSOR PRINCIPAL NRO 2 (BR)/Hoja técnica de consumidores eléctricos del sistema de propulsión basado en el motor MAN 12V175D - 001.pdf,Hoja técnica de consumidores eléctricos del sistema de propulsión basado en el motor MAN 12V175D - 001,hoja tecnica de consumidores electricos del sistema de propulsion basado en el motor man 12v175d 001,datasheet,false,,false,false,[233] - MOTORES PROPULSORES DE COMBUSTION INTERNA
media/uploads/equipo_docs/GRUPO 200/[233] - MOTORES PROPULSORES DE COMBUSTION INTERNA/[2332] - MOTOR PROPULSOR PRINCIPAL NRO 2 (BR)/Hoja técnica de descripción del motor MAN 12V175D - 001.pdf,Hoja técnica de descripción del motor MAN 12V175D - 001,hoja tecnica de descripcion del motor man 12v175d 001,datasheet,false,,false,false,[233] - MOTORES PROPULSORES DE COMBUSTION INTERNA
media/uploads/equipo_docs/GRUPO 200/[233] - MOTORES PROPULSORES DE COMBUSTION INTERNA/[2332] - MOTOR PROPULSOR PRINCIPAL NRO 2 (BR)/Hoja técnica de instrucciones de montaje para sensores de nivel BEDIA - 001 (equipo asociado).pdf,Hoja técnica de instrucciones de montaje para sensores de nivel BEDIA - 001 (equipo asociado),hoja tecnica de instrucciones de montaje para sensores de nivel bedia 001 equipo asociado,"manual,datasheet",false,,false,false,[233] - MOTORES PROPULSORES DE COMBUSTION INTERNA
media/uploads/equipo_docs/GRUPO 200/[233] - MOTORES PROPULSORES DE COMBUSTION INTERNA/[2332] - MOTOR PROPULSOR PRINCIPAL NRO 2 (BR)/Instrucciones de servicio y mantenimiento del filtro de combustible 1800-2200 UC HYDAC - 001 (equipo asociado).pdf,Instrucciones de servicio y mantenimiento del filtro de combustible 1800-2200 UC HYDAC - 001 (equipo asociado),instrucciones de servicio y mantenimiento del filtro de combustible 1800 2200 uc hydac 001 equipo asociado,manual,false,,false,false,[233] - MOTORES PROPULSORES DE COMBUSTION INTERNA
media/uploads/equipo_docs/GRUPO 200/[233] - MOTORES PROPULSORES DE COMBUSTION INTERNA/[2332] - MOTOR PROPULSOR PRINCIPAL NRO 2 (BR)/Lista de aceites lubricantes aprobados para el motor MAN 175D.pdf,Lista de aceites lubricantes aprobados para el motor MAN 175D,lista de aceites lubricantes aprobados para el motor man 175d,,true,"manual_herramientas,manual_partes",false,false,[233] - MOTORES PROPULSORES DE COMBUSTION INTERNA
media/uploads/equipo_docs/GRUPO 200/[233] - MOTORES PROPULSORES DE COMBUSTION INTERNA/[2332] - MOTOR PROPULSOR PRINCIPAL NRO 2 (BR)/Lista de dispositivos de medición y control del motor MAN 12V175D - 001.pdf,Lista de dispositivos de medición y control del motor MAN 12V175D - 001,lista de dispositivos de medicion y control del motor man 12v175d 001,,true,"manual_herramientas,manual_partes",false,false,[233] - MOTORES PROPULSORES DE COMBUSTION INTERNA
media/uploads/equipo_docs/GRUPO 200/[233] - MOTORES PROPULSORES DE COMBUSTION INTERNA/[2332] - MOTOR PROPULSOR PRINCIPAL NRO 2 (BR)/Lista de repuestos para el motor MAN 12V175D - 001.pdf,Lista de repuestos para el motor MAN 12V175D - 001,lista de repuestos para el motor man 12v175d 001,,true,"manual_herramientas,manual_partes",false,false,[233] - MOTORES PROPULSORES DE COMBUSTION INTERNA
media/uploads/equipo_docs/GRUPO 200/[233] - MOTORES PROPULSORES DE COMBUSTION INTERNA/[2332] - MOTOR PROPULSOR PRINCIPAL NRO 2 (BR)/Lista de señales para el sistema de control del motor basado en protocolo Modbus SaCoS One MAN - 001.pdf,Lista de señales para el sistema de control del motor basado en protocolo Modbus SaCoS One MAN - 001,lista de senales para el sistema de control del motor basado en protocolo modbus sacos one man 001,manual,true,"manual_herramientas,manual_partes",false,false,[233] - MOTORES PROPULSORES DE COMBUSTION INTERNA
"media/uploads/equipo_docs/GRUPO 200/[233] - MOTORES PROPULSORES DE COMBUSTION INTERNA/[2332] - MOTOR PROPULSOR PRINCIPAL NRO 2 (BR)/Manual de funcionamiento de las bombas centrífugas HT, KZ, LT, MZ, NT y SW - Tipo SW 80 200L STEIMEL - 001 (equipo asociado).pdf","Manual de funcionamiento de las bombas centrífugas HT, KZ, LT, MZ, NT y SW - Tipo SW 80 200L STEIMEL - 001 (equipo asociado)",manual de funcionamiento de las bombas centrifugas ht kz lt mz nt y sw tipo sw 80 200l steimel 001 equipo asociado,manual,false,,false,false,[233] - MOTORES PROPULSORES DE COMBUSTION INTERNA
media/uploads/equipo_docs/GRUPO 200/[233] - MOTORES PROPULSORES DE COMBUSTION INTERNA/[2332] - MOTOR PROPULSOR PRINCIPAL NRO 2 (BR)/Manual de funcionamiento del enfriador de aire de carga MAHLE - 001 (equipo asociado).pdf,Manual de funcionamiento del enfriador de aire de carga MAHLE - 001 (equipo asociado),manual de funcionamiento del enfriador de aire de carga mahle 001 equipo asociado,manual,false,,false,false,[233] - MOTORES PROPULSORES DE COMBUSTION INTERNA
media/uploads/equipo_docs/GRUPO 200/[233] - MOTORES PROPULSORES DE COMBUSTION INTERNA/[2332] - MOTOR PROPULSOR PRINCIPAL NRO 2 (BR)/Manual de funcionamiento para juntas de expansión SENIOR FLEXONICS - 001 (equipo asociado).pdf,Manual de funcionamiento para juntas de expansión SENIOR FLEXONICS - 001 (equipo asociado),manual de funcionamiento para juntas de expansion senior flexonics 001 equipo asociado,manual,false,,false,false,[233] - MOTORES PROPULSORES DE COMBUSTION INTERNA
media/uploads/equipo_docs/GRUPO 200/[233] - MOTORES PROPULSORES DE COMBUSTION INTERNA/[2332] - MOTOR PROPULSOR PRINCIPAL NRO 2 (BR)/Manual de funcionamiento y mantenimiento para compensadores metálicos WITZENMANN - 001 (equipo asociado).pdf,Manual de funcionamiento y mantenimiento para compensadores metálicos WITZENMANN - 001 (equipo asociado),manual de funcionamiento y mantenimiento para compensadores metalicos witzenmann 001 equipo asociado,manual,false,,false,false,[233] - MOTORES PROPULSORES DE COMBUSTION INTERNA
media/uploads/equipo_docs/GRUPO 200/[233] - MOTORES PROPULSORES DE COMBUSTION INTERNA/[2332] - MOTOR PROPULSOR PRINCIPAL NRO 2 (BR)/Manual de instalación de montura cónica RD 214 del motor MAN 12V175D - 001.pdf,Manual de instalación de montura cónica RD 214 del motor MAN 12V175D - 001,manual de instalacion de montura conica rd 214 del motor man 12v175d 001,manual,false,,false,false,[233] - MOTORES PROPULSORES DE COMBUSTION INTERNA
media/uploads/equipo_docs/GRUPO 200/[233] - MOTORES PROPULSORES DE COMBUSTION INTERNA/[2332] - MOTOR PROPULSOR PRINCIPAL NRO 2 (BR)/Manual de instalación del filtro duplex Pi 214 de Filtration Group GmbH MAN - 001 (equipo asociado).pdf,Manual de instalación del filtro duplex Pi 214 de Filtration Group GmbH MAN - 001 (equipo asociado),manual de instalacion del filtro duplex pi 214 de filtration group gmbh man 001 equipo asociado,manual,false,,false,false,[233] - MOTORES PROPULSORES DE COMBUSTION INTERNA
media/uploads/equipo_docs/GRUPO 200/[233] - MOTORES PROPULSORES DE COMBUSTION INTERNA/[2332] - MOTOR PROPULSOR PRINCIPAL NRO 2 (BR)/Manual de instalación general del motor diésel marino MAN 12V175D - 001.pdf,Manual de instalación general del motor diésel marino MAN 12V175D - 001,manual de instalacion general del motor diesel marino man 12v175d 001,manual,false,,false,false,[233] - MOTORES PROPULSORES DE COMBUSTION INTERNA
media/uploads/equipo_docs/GRUPO 200/[233] - MOTORES PROPULSORES DE COMBUSTION INTERNA/[2332] - MOTOR PROPULSOR PRINCIPAL NRO 2 (BR)/Manual de instalación para los filtros Pi 370 - Pi 3700 de Filtration Group GmbH MAN - 001 (equipo asociado).pdf,Manual de instalación para los filtros Pi 370 - Pi 3700 de Filtration Group GmbH MAN - 001 (equipo asociado),manual de instalacion para los filtros pi 370 pi 3700 de filtration group gmbh man 001 equipo asociado,manual,false,,false,false,[233] - MOTORES PROPULSORES DE COMBUSTION INTERNA
media/uploads/equipo_docs/GRUPO 200/[233] - MOTORES PROPULSORES DE COMBUSTION INTERNA/[2332] - MOTOR PROPULSOR PRINCIPAL NRO 2 (BR)/Manual de instalación y mantenimiento de los soportes cónicos RD 314 RUBBER DESIGN - 001 (equipo asociado).pdf,Manual de instalación y mantenimiento de los soportes cónicos RD 314 RUBBER DESIGN - 001 (equipo asociado),manual de instalacion y mantenimiento de los soportes conicos rd 314 rubber design 001 equipo asociado,manual,false,,false,false,[233] - MOTORES PROPULSORES DE COMBUSTION INTERNA
media/uploads/equipo_docs/GRUPO 200/[233] - MOTORES PROPULSORES DE COMBUSTION INTERNA/[2332] - MOTOR PROPULSOR PRINCIPAL NRO 2 (BR)/Manual de instalación y mantenimiento del filtro centrífugo MANN+HUMMEL FM400 - 001 (equipo asociado).pdf,Manual de instalación y mantenimiento del filtro centrífugo MANN+HUMMEL FM400 - 001 (equipo asociado),manual de instalacion y mantenimiento del filtro centrifugo mann+hummel fm400 001 equipo asociado,manual,false,,false,false,[233] - MOTORES PROPULSORES DE COMBUSTION INTERNA
media/uploads/equipo_docs/GRUPO 200/[233] - MOTORES PROPULSORES DE COMBUSTION INTERNA/[2332] - MOTOR PROPULSOR PRINCIPAL NRO 2 (BR)/Manual de instalación y mantenimiento del filtro para aplicaciones marinas MANN+HUMMEL - 001 (equipo asociado).pdf,Manual de instalación y mantenimiento del filtro para aplicaciones marinas MANN+HUMMEL - 001 (equipo asociado),manual de instalacion y mantenimiento del filtro para aplicaciones marinas mann+hummel 001 equipo asociado,manual,false,,false,false,[233] - MOTORES PROPULSORES DE COMBUSTION INTERNA
media/uploads/equipo_docs/GRUPO 200/[233] - MOTORES PROPULSORES DE COMBUSTION INTERNA/[2332] - MOTOR PROPULSOR PRINCIPAL NRO 2 (BR)/Manual de instalación y mantenimiento del silenciador de escape SILENTOR - 001 (equipo asociado).pdf,Manual de instalación y mantenimiento del silenciador de escape SILENTOR - 001 (equipo asociado),manual de instalacion y mantenimiento del silenciador de escape silentor 001 equipo asociado,manual,false,,false,false,[233] - MOTORES PROPULSORES DE COMBUSTION INTERNA
"media/uploads/equipo_docs/GRUPO 200/[233] - MOTORES PROPULSORES DE COMBUSTION INTERNA/[2332] - MOTOR PROPULSOR PRINCIPAL NRO 2 (BR)/Manual de instalación, mantenimiento y despiece para el kit de arranque neumático tipo S30 GALI - 001 (equipo asociado).pdf","Manual de instalación, mantenimiento y despiece para el kit de arranque neumático tipo S30 GALI - 001 (equipo asociado)",manual de instalacion mantenimiento y despiece para el kit de arranque neumatico tipo s30 gali 001 equipo asociado,manual,false,,false,false,[233] - MOTORES PROPULSORES DE COMBUSTION INTERNA
"media/uploads/equipo_docs/GRUPO 200/[233] - MOTORES PROPULSORES DE COMBUSTION INTERNA/[2332] - MOTOR PROPULSOR PRINCIPAL NRO 2 (BR)/Manual de instalación, mantenimiento y reparación de la válvula de presión DN 50 KRACHT GmbH - 001 (equipo asociado).pdf","Manual de instalación, mantenimiento y reparación de la válvula de presión DN 50 KRACHT GmbH - 001 (equipo asociado)",manual de instalacion mantenimiento y reparacion de la valvula de presion dn 50 kracht gmbh 001 equipo asociado,manual,false,,false,false,[233] - MOTORES PROPULSORES DE COMBUSTION INTERNA
media/uploads/equipo_docs/GRUPO 200/[233] - MOTORES PROPULSORES DE COMBUSTION INTERNA/[2332] - MOTOR PROPULSOR PRINCIPAL NRO 2 (BR)/Manual de instrucciones de instalación motor MAN - 001.pdf,Manual de instrucciones de instalación motor MAN - 001,manual de instrucciones de instalacion motor man 001,manual,false,,false,false,[233] - MOTORES PROPULSORES DE COMBUSTION INTERNA
media/uploads/equipo_docs/GRUPO 200/[233] - MOTORES PROPULSORES DE COMBUSTION INTERNA/[2332] - MOTOR PROPULSOR PRINCIPAL NRO 2 (BR)/Manual de instrucciones de mantenimiento MAN12V175D.pdf,Manual de instrucciones de mantenimiento MAN12V175D,manual de instrucciones de mantenimiento man12v175d,manual,false,,false,false,[233] - MOTORES PROPULSORES DE COMBUSTION INTERNA
media/uploads/equipo_docs/GRUPO 200/[233] - MOTORES PROPULSORES DE COMBUSTION INTERNA/[2332] - MOTOR PROPULSOR PRINCIPAL NRO 2 (BR)/Manual de instrucciones de uso del travesaño cruzado tipo M180473 de MIPROMET - 001 (equipo asociado).pdf,Manual de instrucciones de uso del travesaño cruzado tipo M180473 de MIPROMET - 001 (equipo asociado),manual de instrucciones de uso del travesano cruzado tipo m180473 de mipromet 001 equipo asociado,manual,false,,false,false,[233] - MOTORES PROPULSORES DE COMBUSTION INTERNA
media/uploads/equipo_docs/GRUPO 200/[233] - MOTORES PROPULSORES DE COMBUSTION INTERNA/[2332] - MOTOR PROPULSOR PRINCIPAL NRO 2 (BR)/Manual de instrucciones del enfriador de aceite de motor MAHLE modelos MT524 a MT532 - 001 (equipo asociado).pdf,Manual de instrucciones del enfriador de aceite de motor MAHLE modelos MT524 a MT532 - 001 (equipo asociado),manual de instrucciones del enfriador de aceite de motor mahle modelos mt524 a mt532 001 equipo asociado,manual,false,,false,false,[233] - MOTORES PROPULSORES DE COMBUSTION INTERNA
media/uploads/equipo_docs/GRUPO 200/[233] - MOTORES PROPULSORES DE COMBUSTION INTERNA/[2332] - MOTOR PROPULSOR PRINCIPAL NRO 2 (BR)/Manual de mantenimiento del sistema de ventilación de cárter ProVent 500 de MANN+HUMMEL - 001 (equipo asociado).pdf,Manual de mantenimiento del sistema de ventilación de cárter ProVent 500 de MANN+HUMMEL - 001 (equipo asociado),manual de mantenimiento del sistema de ventilacion de carter provent 500 de mann+hummel 001 equipo asociado,manual,false,,false,false,[233] - MOTORES PROPULSORES DE COMBUSTION INTERNA
media/uploads/equipo_docs/GRUPO 200/[233] - MOTORES PROPULSORES DE COMBUSTION INTERNA/[2332] - MOTOR PROPULSOR PRINCIPAL NRO 2 (BR)/Manual de montaje y mantenimiento bomba de engranajes R89635 FL-K RICKMEIER - 001 (equipo asociado).pdf,Manual de montaje y mantenimiento bomba de engranajes R89635 FL-K RICKMEIER - 001 (equipo asociado),manual de montaje y mantenimiento bomba de engranajes r89635 fl k rickmeier 001 equipo asociado,manual,false,,false,false,[233] - MOTORES PROPULSORES DE COMBUSTION INTERNA
media/uploads/equipo_docs/GRUPO 200/[233] - MOTORES PROPULSORES DE COMBUSTION INTERNA/[2332] - MOTOR PROPULSOR PRINCIPAL NRO 2 (BR)/Manual de operación y mantenimiento para válvulas de seguridad contra explosiones tipo EVO HOERBIGER - 001 (equipo asociado).pdf,Manual de operación y mantenimiento para válvulas de seguridad contra explosiones tipo EVO HOERBIGER - 001 (equipo asociado),manual de operacion y mantenimiento para valvulas de seguridad contra explosiones tipo evo hoerbiger 001 equipo asociado,manual,false,,false,false,[233] - MOTORES PROPULSORES DE COMBUSTION INTERNA
media/uploads/equipo_docs/GRUPO 200/[233] - MOTORES PROPULSORES DE COMBUSTION INTERNA/[2332] - MOTOR PROPULSOR PRINCIPAL NRO 2 (BR)/Manual de proyecto y disposición de instalación – Motor diésel marino MAN 12V175D.pdf.pdf,Manual de proyecto y disposición de instalación – Motor diésel marino MAN 12V175D.pdf,manual de proyecto y disposicion de instalacion – motor diesel marino man 12v175d pdf,manual,false,,false,false,[233] - MOTORES PROPULSORES DE COMBUSTION INTERNA
media/uploads/equipo_docs/GRUPO 200/[233] - MOTORES PROPULSORES DE COMBUSTION INTERNA/[2332] - MOTOR PROPULSOR PRINCIPAL NRO 2 (BR)/Manual de rearme después de transporte del motor MAN 12V175D - 001.pdf,Manual de rearme después de transporte del motor MAN 12V175D - 001,manual de rearme despues de transporte del motor man 12v175d 001,manual,false,,false,false,[233] - MOTORES PROPULSORES DE COMBUSTION INTERNA
media/uploads/equipo_docs/GRUPO 200/[233] - MOTORES PROPULSORES DE COMBUSTION INTERNA/[2332] - MOTOR PROPULSOR PRINCIPAL NRO 2 (BR)/Manual de seguridad del sistema de propulsión del motor MAN 12V175D - 001.pdf,Manual de seguridad del sistema de propulsión del motor MAN 12V175D - 001,manual de seguridad del sistema de propulsion del motor man 12v175d 001,manual,false,,false,false,[233] - MOTORES PROPULSORES DE COMBUSTION INTERNA
media/uploads/equipo_docs/GRUPO 200/[233] - MOTORES PROPULSORES DE COMBUSTION INTERNA/[2332] - MOTOR PROPULSOR PRINCIPAL NRO 2 (BR)/Manual de servicio y mantenimiento de mangueras hidráulicas HANSA- FLEX - 001 (equipo asociado).pdf,Manual de servicio y mantenimiento de mangueras hidráulicas HANSA- FLEX - 001 (equipo asociado),manual de servicio y mantenimiento de mangueras hidraulicas hansa flex 001 equipo asociado,manual,false,,false,false,[233] - MOTORES PROPULSORES DE COMBUSTION INTERNA
media/uploads/equipo_docs/GRUPO 200/[233] - MOTORES PROPULSORES DE COMBUSTION INTERNA/[2332] - MOTOR PROPULSOR PRINCIPAL NRO 2 (BR)/Manual del sistema de automatización del motor MAN 12V175D - 001.pdf,Manual del sistema de automatización del motor MAN 12V175D - 001,manual del sistema de automatizacion del motor man 12v175d 001,manual,false,,false,false,[233] - MOTORES PROPULSORES DE COMBUSTION INTERNA
media/uploads/equipo_docs/GRUPO 200/[233] - MOTORES PROPULSORES DE COMBUSTION INTERNA/[2332] - MOTOR PROPULSOR PRINCIPAL NRO 2 (BR)/Manual técnico de mangueras metálicas WITZENMANN - 001 (equipo asociado).pdf,Manual técnico de mangueras metálicas WITZENMANN - 001 (equipo asociado),manual tecnico de mangueras metalicas witzenmann 001 equipo asociado,manual,false,,false,false,[233] - MOTORES PROPULSORES DE COMBUSTION INTERNA
media/uploads/equipo_docs/GRUPO 200/[233] - MOTORES PROPULSORES DE COMBUSTION INTERNA/[2332] - MOTOR PROPULSOR PRINCIPAL NRO 2 (BR)/Plan de disposición de montaje resiliente para un motor MAN - 001.pdf,Plan de disposición de montaje resiliente para un motor MAN - 001,plan de disposicion de montaje resiliente para un motor man 001,plano,false,,false,false,[233] - MOTORES PROPULSORES DE COMBUSTION INTERNA
media/uploads/equipo_docs/GRUPO 200/[233] - MOTORES PROPULSORES DE COMBUSTION INTERNA/[2332] - MOTOR PROPULSOR PRINCIPAL NRO 2 (BR)/Plano compensador DN150 del sistema de escape del motor MAN 12V175D - 001.pdf,Plano compensador DN150 del sistema de escape del motor MAN 12V175D - 001,plano compensador dn150 del sistema de escape del motor man 12v175d 001,plano,false,,false,false,[233] - MOTORES PROPULSORES DE COMBUSTION INTERNA
media/uploads/equipo_docs/GRUPO 200/[233] - MOTORES PROPULSORES DE COMBUSTION INTERNA/[2332] - MOTOR PROPULSOR PRINCIPAL NRO 2 (BR)/Plano de bomba manual para combustible y aceite del motor MAN 12V175D - 001.pdf,Plano de bomba manual para combustible y aceite del motor MAN 12V175D - 001,plano de bomba manual para combustible y aceite del motor man 12v175d 001,"manual,plano",false,,false,false,[233] - MOTORES PROPULSORES DE COMBUSTION INTERNA
media/uploads/equipo_docs/GRUPO 200/[233] - MOTORES PROPULSORES DE COMBUSTION INTERNA/[2332] - MOTOR PROPULSOR PRINCIPAL NRO 2 (BR)/Plano de disposición física de la unidad de control (CU) del motor MAN 12V175D - 001.pdf,Plano de disposición física de la unidad de control (CU) del motor MAN 12V175D - 001,plano de disposicion fisica de la unidad de control cu del motor man 12v175d 001,plano,false,,false,false,[233] - MOTORES PROPULSORES DE COMBUSTION INTERNA
media/uploads/equipo_docs/GRUPO 200/[233] - MOTORES PROPULSORES DE COMBUSTION INTERNA/[2332] - MOTOR PROPULSOR PRINCIPAL NRO 2 (BR)/Plano de instalación del motor diésel marino MAN 12V175D - 001.pdf,Plano de instalación del motor diésel marino MAN 12V175D - 001,plano de instalacion del motor diesel marino man 12v175d 001,"manual,plano",false,,false,false,[233] - MOTORES PROPULSORES DE COMBUSTION INTERNA
media/uploads/equipo_docs/GRUPO 200/[233] - MOTORES PROPULSORES DE COMBUSTION INTERNA/[2332] - MOTOR PROPULSOR PRINCIPAL NRO 2 (BR)/Plano de la bomba de lubricación del motor MAN 12V175D - 001.pdf,Plano de la bomba de lubricación del motor MAN 12V175D - 001,plano de la bomba de lubricacion del motor man 12v175d 001,plano,false,,false,false,[233] - MOTORES PROPULSORES DE COMBUSTION INTERNA
media/uploads/equipo_docs/GRUPO 200/[233] - MOTORES PROPULSORES DE COMBUSTION INTERNA/[2332] - MOTOR PROPULSOR PRINCIPAL NRO 2 (BR)/Plano de la bomba stand-by sistema de lubricación del motor MAN 12V175D - 001.pdf,Plano de la bomba stand-by sistema de lubricación del motor MAN 12V175D - 001,plano de la bomba stand by sistema de lubricacion del motor man 12v175d 001,plano,false,,false,false,[233] - MOTORES PROPULSORES DE COMBUSTION INTERNA
media/uploads/equipo_docs/GRUPO 200/[233] - MOTORES PROPULSORES DE COMBUSTION INTERNA/[2332] - MOTOR PROPULSOR PRINCIPAL NRO 2 (BR)/Plano de los puntos de medición y sensores instalados del motor MAN 12V175D - 001.pdf,Plano de los puntos de medición y sensores instalados del motor MAN 12V175D - 001,plano de los puntos de medicion y sensores instalados del motor man 12v175d 001,plano,false,,false,false,[233] - MOTORES PROPULSORES DE COMBUSTION INTERNA
media/uploads/equipo_docs/GRUPO 200/[233] - MOTORES PROPULSORES DE COMBUSTION INTERNA/[2332] - MOTOR PROPULSOR PRINCIPAL NRO 2 (BR)/Plano de manguera flexible de PTFE para el motor MAN 12V175D - 001.pdf,Plano de manguera flexible de PTFE para el motor MAN 12V175D - 001,plano de manguera flexible de ptfe para el motor man 12v175d 001,plano,false,,false,false,[233] - MOTORES PROPULSORES DE COMBUSTION INTERNA
media/uploads/equipo_docs/GRUPO 200/[233] - MOTORES PROPULSORES DE COMBUSTION INTERNA/[2332] - MOTOR PROPULSOR PRINCIPAL NRO 2 (BR)/Plano de manguera flexible para el motor MAN 12V175D - 001.pdf,Plano de manguera flexible para el motor MAN 12V175D - 001,plano de manguera flexible para el motor man 12v175d 001,plano,false,,false,false,[233] - MOTORES PROPULSORES DE COMBUSTION INTERNA
media/uploads/equipo_docs/GRUPO 200/[233] - MOTORES PROPULSORES DE COMBUSTION INTERNA/[2332] - MOTOR PROPULSOR PRINCIPAL NRO 2 (BR)/Plano de manguera flexible para el motor MAN 12V175D - 002.pdf,Plano de manguera flexible para el motor MAN 12V175D - 002,plano de manguera flexible para el motor man 12v175d 002,plano,false,,false,false,[233] - MOTORES PROPULSORES DE COMBUSTION INTERNA
media/uploads/equipo_docs/GRUPO 200/[233] - MOTORES PROPULSORES DE COMBUSTION INTERNA/[2332] - MOTOR PROPULSOR PRINCIPAL NRO 2 (BR)/Plano de manguera flexible para el motor MAN 12V175D - 003.pdf,Plano de manguera flexible para el motor MAN 12V175D - 003,plano de manguera flexible para el motor man 12v175d 003,plano,false,,false,false,[233] - MOTORES PROPULSORES DE COMBUSTION INTERNA
media/uploads/equipo_docs/GRUPO 200/[233] - MOTORES PROPULSORES DE COMBUSTION INTERNA/[2332] - MOTOR PROPULSOR PRINCIPAL NRO 2 (BR)/Plano de montaje de cojinete cónico RD 214 entre la consola en el motor y la base MAN - 001.pdf,Plano de montaje de cojinete cónico RD 214 entre la consola en el motor y la base MAN - 001,plano de montaje de cojinete conico rd 214 entre la consola en el motor y la base man 001,plano,false,,false,false,[233] - MOTORES PROPULSORES DE COMBUSTION INTERNA
media/uploads/equipo_docs/GRUPO 200/[233] - MOTORES PROPULSORES DE COMBUSTION INTERNA/[2332] - MOTOR PROPULSOR PRINCIPAL NRO 2 (BR)/Plano de montaje de cojinete cónico RD 215 entre la consola en el motor y la base MAN - 001.pdf,Plano de montaje de cojinete cónico RD 215 entre la consola en el motor y la base MAN - 001,plano de montaje de cojinete conico rd 215 entre la consola en el motor y la base man 001,plano,false,,false,false,[233] - MOTORES PROPULSORES DE COMBUSTION INTERNA
media/uploads/equipo_docs/GRUPO 200/[233] - MOTORES PROPULSORES DE COMBUSTION INTERNA/[2332] - MOTOR PROPULSOR PRINCIPAL NRO 2 (BR)/Plano de montaje resiliente del motor diésel marino MAN 12V175D - 001.pdf,Plano de montaje resiliente del motor diésel marino MAN 12V175D - 001,plano de montaje resiliente del motor diesel marino man 12v175d 001,plano,false,,false,false,[233] - MOTORES PROPULSORES DE COMBUSTION INTERNA
media/uploads/equipo_docs/GRUPO 200/[233] - MOTORES PROPULSORES DE COMBUSTION INTERNA/[2332] - MOTOR PROPULSOR PRINCIPAL NRO 2 (BR)/Plano de transporte y elevación para el motor MAN 12V175D - 001.pdf,Plano de transporte y elevación para el motor MAN 12V175D - 001,plano de transporte y elevacion para el motor man 12v175d 001,plano,false,,false,false,[233] - MOTORES PROPULSORES DE COMBUSTION INTERNA
media/uploads/equipo_docs/GRUPO 200/[233] - MOTORES PROPULSORES DE COMBUSTION INTERNA/[2332] - MOTOR PROPULSOR PRINCIPAL NRO 2 (BR)/Plano de una línea metálica flexible DN16 para el motor MAN 12V175D - 001.pdf,Plano de una línea metálica flexible DN16 para el motor MAN 12V175D - 001,plano de una linea metalica flexible dn16 para el motor man 12v175d 001,plano,false,,false,false,[233] - MOTORES PROPULSORES DE COMBUSTION INTERNA
media/uploads/equipo_docs/GRUPO 200/[233] - MOTORES PROPULSORES DE COMBUSTION INTERNA/[2332] - MOTOR PROPULSOR PRINCIPAL NRO 2 (BR)/Plano de una línea metálica flexible DN16 para el motor MAN 12V175D - 002.pdf,Plano de una línea metálica flexible DN16 para el motor MAN 12V175D - 002,plano de una linea metalica flexible dn16 para el motor man 12v175d 002,plano,false,,false,false,[233] - MOTORES PROPULSORES DE COMBUSTION INTERNA
media/uploads/equipo_docs/GRUPO 200/[233] - MOTORES PROPULSORES DE COMBUSTION INTERNA/[2332] - MOTOR PROPULSOR PRINCIPAL NRO 2 (BR)/Plano del compensador de caucho reforzado con alambre de acero Stenflex para motor MAN 12V175D - 001.pdf,Plano del compensador de caucho reforzado con alambre de acero Stenflex para motor MAN 12V175D - 001,plano del compensador de caucho reforzado con alambre de acero stenflex para motor man 12v175d 001,plano,false,,false,false,[233] - MOTORES PROPULSORES DE COMBUSTION INTERNA
media/uploads/equipo_docs/GRUPO 200/[233] - MOTORES PROPULSORES DE COMBUSTION INTERNA/[2332] - MOTOR PROPULSOR PRINCIPAL NRO 2 (BR)/Plano del enfriador de combustible del motor MAN 12V175D - 001.pdf,Plano del enfriador de combustible del motor MAN 12V175D - 001,plano del enfriador de combustible del motor man 12v175d 001,plano,false,,false,false,[233] - MOTORES PROPULSORES DE COMBUSTION INTERNA
media/uploads/equipo_docs/GRUPO 200/[233] - MOTORES PROPULSORES DE COMBUSTION INTERNA/[2332] - MOTOR PROPULSOR PRINCIPAL NRO 2 (BR)/Plano del filtro de combustible duplex del motor MAN 12V175D - 001.pdf,Plano del filtro de combustible duplex del motor MAN 12V175D - 001,plano del filtro de combustible duplex del motor man 12v175d 001,plano,false,,false,false,[233] - MOTORES PROPULSORES DE COMBUSTION INTERNA
media/uploads/equipo_docs/GRUPO 200/[233] - MOTORES PROPULSORES DE COMBUSTION INTERNA/[2332] - MOTOR PROPULSOR PRINCIPAL NRO 2 (BR)/Plano del gabinete de registro de datos del sistema de automatización del motor MAN - 001.pdf,Plano del gabinete de registro de datos del sistema de automatización del motor MAN - 001,plano del gabinete de registro de datos del sistema de automatizacion del motor man 001,plano,false,,false,false,[233] - MOTORES PROPULSORES DE COMBUSTION INTERNA
media/uploads/equipo_docs/GRUPO 200/[233] - MOTORES PROPULSORES DE COMBUSTION INTERNA/[2332] - MOTOR PROPULSOR PRINCIPAL NRO 2 (BR)/Plano del separador de agua del motor MAN 12V175D - 001.pdf,Plano del separador de agua del motor MAN 12V175D - 001,plano del separador de agua del motor man 12v175d 001,plano,false,,false,false,[233] - MOTORES PROPULSORES DE COMBUSTION INTERNA
media/uploads/equipo_docs/GRUPO 200/[233] - MOTORES PROPULSORES DE COMBUSTION INTERNA/[2332] - MOTOR PROPULSOR PRINCIPAL NRO 2 (BR)/Plano del silenciador de gases de escape para el motor MAN 12V175D - 001.pdf,Plano del silenciador de gases de escape para el motor MAN 12V175D - 001,plano del silenciador de gases de escape para el motor man 12v175d 001,plano,false,,false,false,[233] - MOTORES PROPULSORES DE COMBUSTION INTERNA
media/uploads/equipo_docs/GRUPO 200/[233] - MOTORES PROPULSORES DE COMBUSTION INTERNA/[2332] - MOTOR PROPULSOR PRINCIPAL NRO 2 (BR)/Plano del soporte cónico modelo RD 314 para montar motores marinos MAN 12V175D - 001.pdf,Plano del soporte cónico modelo RD 314 para montar motores marinos MAN 12V175D - 001,plano del soporte conico modelo rd 314 para montar motores marinos man 12v175d 001,plano,false,,false,false,[233] - MOTORES PROPULSORES DE COMBUSTION INTERNA
media/uploads/equipo_docs/GRUPO 200/[233] - MOTORES PROPULSORES DE COMBUSTION INTERNA/[2332] - MOTOR PROPULSOR PRINCIPAL NRO 2 (BR)/Plano eléctrico del sistema de calefacción auxiliar ATHF asociado al motor MAN 12V175D - 001.pdf,Plano eléctrico del sistema de calefacción auxiliar ATHF asociado al motor MAN 12V175D - 001,plano electrico del sistema de calefaccion auxiliar athf asociado al motor man 12v175d 001,plano,false,,false,false,[233] - MOTORES PROPULSORES DE COMBUSTION INTERNA
media/uploads/equipo_docs/GRUPO 200/[233] - MOTORES PROPULSORES DE COMBUSTION INTERNA/[2332] - MOTOR PROPULSOR PRINCIPAL NRO 2 (BR)/Plano P&ID de sistema de refrigeración por agua del motor MAN 12V175D - 002.pdf,Plano P&ID de sistema de refrigeración por agua del motor MAN 12V175D - 002,plano p&id de sistema de refrigeracion por agua del motor man 12v175d 002,plano,false,,false,false,[233] - MOTORES PROPULSORES DE COMBUSTION INTERNA
media/uploads/equipo_docs/GRUPO 200/[233] - MOTORES PROPULSORES DE COMBUSTION INTERNA/[2332] - MOTOR PROPULSOR PRINCIPAL NRO 2 (BR)/Plano P&ID del sistema de aire comprimido para arranque del motor MAN 12V175D - 001.pdf,Plano P&ID del sistema de aire comprimido para arranque del motor MAN 12V175D - 001,plano p&id del sistema de aire comprimido para arranque del motor man 12v175d 001,plano,false,,false,false,[233] - MOTORES PROPULSORES DE COMBUSTION INTERNA
media/uploads/equipo_docs/GRUPO 200/[233] - MOTORES PROPULSORES DE COMBUSTION INTERNA/[2332] - MOTOR PROPULSOR PRINCIPAL NRO 2 (BR)/Plano P&ID del sistema de aire comprimido para arranque del motor MAN 12V175D - 002.pdf,Plano P&ID del sistema de aire comprimido para arranque del motor MAN 12V175D - 002,plano p&id del sistema de aire comprimido para arranque del motor man 12v175d 002,plano,false,,false,false,[233] - MOTORES PROPULSORES DE COMBUSTION INTERNA
media/uploads/equipo_docs/GRUPO 200/[233] - MOTORES PROPULSORES DE COMBUSTION INTERNA/[2332] - MOTOR PROPULSOR PRINCIPAL NRO 2 (BR)/Plano P&ID del sistema de aire comprimido para arranque del motor MAN 12V175D - 003.pdf,Plano P&ID del sistema de aire comprimido para arranque del motor MAN 12V175D - 003,plano p&id del sistema de aire comprimido para arranque del motor man 12v175d 003,plano,false,,false,false,[233] - MOTORES PROPULSORES DE COMBUSTION INTERNA
media/uploads/equipo_docs/GRUPO 200/[233] - MOTORES PROPULSORES DE COMBUSTION INTERNA/[2332] - MOTOR PROPULSOR PRINCIPAL NRO 2 (BR)/Plano P&ID del sistema de aire comprimido para arranque del motor MAN 12V175D - 004.pdf,Plano P&ID del sistema de aire comprimido para arranque del motor MAN 12V175D - 004,plano p&id del sistema de aire comprimido para arranque del motor man 12v175d 004,plano,false,,false,false,[233] - MOTORES PROPULSORES DE COMBUSTION INTERNA
media/uploads/equipo_docs/GRUPO 200/[233] - MOTORES PROPULSORES DE COMBUSTION INTERNA/[2332] - MOTOR PROPULSOR PRINCIPAL NRO 2 (BR)/Plano P&ID del sistema de combustible MGO para el motor MAN 12V175D - 001.pdf,Plano P&ID del sistema de combustible MGO para el motor MAN 12V175D - 001,plano p&id del sistema de combustible mgo para el motor man 12v175d 001,plano,false,,false,false,[233] - MOTORES PROPULSORES DE COMBUSTION INTERNA
media/uploads/equipo_docs/GRUPO 200/[233] - MOTORES PROPULSORES DE COMBUSTION INTERNA/[2332] - MOTOR PROPULSOR PRINCIPAL NRO 2 (BR)/Plano P&ID del sistema de combustible MGO para el motor MAN 12V175D - 002.pdf,Plano P&ID del sistema de combustible MGO para el motor MAN 12V175D - 002,plano p&id del sistema de combustible mgo para el motor man 12v175d 002,plano,false,,false,false,[233] - MOTORES PROPULSORES DE COMBUSTION INTERNA
media/uploads/equipo_docs/GRUPO 200/[233] - MOTORES PROPULSORES DE COMBUSTION INTERNA/[2332] - MOTOR PROPULSOR PRINCIPAL NRO 2 (BR)/Plano P&ID del sistema de lubricación del motor MAN 12V175D - 001.pdf,Plano P&ID del sistema de lubricación del motor MAN 12V175D - 001,plano p&id del sistema de lubricacion del motor man 12v175d 001,plano,false,,false,false,[233] - MOTORES PROPULSORES DE COMBUSTION INTERNA
media/uploads/equipo_docs/GRUPO 200/[233] - MOTORES PROPULSORES DE COMBUSTION INTERNA/[2332] - MOTOR PROPULSOR PRINCIPAL NRO 2 (BR)/Plano P&ID del sistema de lubricación del motor MAN 12V175D - 002.pdf,Plano P&ID del sistema de lubricación del motor MAN 12V175D - 002,plano p&id del sistema de lubricacion del motor man 12v175d 002,plano,false,,false,false,[233] - MOTORES PROPULSORES DE COMBUSTION INTERNA
media/uploads/equipo_docs/GRUPO 200/[233] - MOTORES PROPULSORES DE COMBUSTION INTERNA/[2332] - MOTOR PROPULSOR PRINCIPAL NRO 2 (BR)/Plano separador de agua del sistema de aire comprimido del motor MAN 12V175D - 001.pdf,Plano separador de agua del sistema de aire comprimido del motor MAN 12V175D - 001,plano separador de agua del sistema de aire comprimido del motor man 12v175d 001,plano,false,,false,false,[233] - MOTORES PROPULSORES DE COMBUSTION INTERNA
media/uploads/equipo_docs/GRUPO 200/[233] - MOTORES PROPULSORES DE COMBUSTION INTERNA/[2332] - MOTOR PROPULSOR PRINCIPAL NRO 2 (BR)/Protocolo de alineación del cigüeñal del motor MAN 12V175D - 001.pdf,Protocolo de alineación del cigüeñal del motor MAN 12V175D - 001,protocolo de alineacion del ciguenal del motor man 12v175d 001,manual,false,,false,false,[233] - MOTORES PROPULSORES DE COMBUSTION INTERNA
media/uploads/equipo_docs/GRUPO 200/[241] - REDUCTORES/[24111] - CAJA REDUCTORA NRO. 1/Catálogo de piezas de repuesto del Reductor LAF 1173.pdf,Catálogo de piezas de repuesto del Reductor LAF 1173,catalogo de piezas de repuesto del reductor laf 1173,,true,"manual_herramientas,manual_partes",false,false,[241] - REDUCTORES
media/uploads/equipo_docs/GRUPO 200/[241] - REDUCTORES/[24111] - CAJA REDUCTORA NRO. 1/Datasheet de vibración torsional de la caja reductora LAF1173 REINTJES - 002 lado babor.pdf,Datasheet de vibración torsional de la caja reductora LAF1173 REINTJES - 002 lado babor,datasheet de vibracion torsional de la caja reductora laf1173 reintjes 002 lado babor,datasheet,false,,false,false,[241] - REDUCTORES
media/uploads/equipo_docs/GRUPO 200/[241] - REDUCTORES/[24111] - CAJA REDUCTORA NRO. 1/Ficha técnica de lubricantes aprobados para motor marino REINTJES - 001.pdf,Ficha técnica de lubricantes aprobados para motor marino REINTJES - 001,ficha tecnica de lubricantes aprobados para motor marino reintjes 001,datasheet,false,,false,false,[241] - REDUCTORES
media/uploads/equipo_docs/GRUPO 200/[241] - REDUCTORES/[24111] - CAJA REDUCTORA NRO. 1/Ficha técnica detallada del modelo LAF 1173 de REINTJES - 001.pdf,Ficha técnica detallada del modelo LAF 1173 de REINTJES - 001,ficha tecnica detallada del modelo laf 1173 de reintjes 001,datasheet,false,,false,false,[241] - REDUCTORES
media/uploads/equipo_docs/GRUPO 200/[241] - REDUCTORES/[24111] - CAJA REDUCTORA NRO. 1/Folleto técnico  Espaciadores esféricos RotaChock para montaje de caja reductora LAF 1173.pdf,Folleto técnico  Espaciadores esféricos RotaChock para montaje de caja reductora LAF 1173,folleto tecnico espaciadores esfericos rotachock para montaje de caja reductora laf 1173,manual,false,,true,true,[241] - REDUCTORES
media/uploads/equipo_docs/GRUPO 200/[241] - REDUCTORES/[24111] - CAJA REDUCTORA NRO. 1/Hoja técnica de señales de control y alarma para la caja reductora LAF 1173 REINTJES - 001.pdf,Hoja técnica de señales de control y alarma para la caja reductora LAF 1173 REINTJES - 001,hoja tecnica de senales de control y alarma para la caja reductora laf 1173 reintjes 001,datasheet,false,,false,false,[241] - REDUCTORES
media/uploads/equipo_docs/GRUPO 200/[241] - REDUCTORES/[24111] - CAJA REDUCTORA NRO. 1/Manual de instalación y alineación de reductores marinos pesados con fijación rígida REINTJES - 001.pdf,Manual de instalación y alineación de reductores marinos pesados con fijación rígida REINTJES - 001,manual de instalacion y alineacion de reductores marinos pesados con fijacion rigida reintjes 001,manual,false,,false,false,[241] - REDUCTORES
media/uploads/equipo_docs/GRUPO 200/[241] - REDUCTORES/[24111] - CAJA REDUCTORA NRO. 1/Manual de instrucción servicio de la caja reductora LAF 1173 REINTJES - 001.pdf,Manual de instrucción servicio de la caja reductora LAF 1173 REINTJES - 001,manual de instruccion servicio de la caja reductora laf 1173 reintjes 001,manual,false,,false,false,[241] - REDUCTORES
media/uploads/equipo_docs/GRUPO 200/[241] - REDUCTORES/[24111] - CAJA REDUCTORA NRO. 1/Manual estandarizado de preservación y protección para la caja reductora LAF REINTJES - 001.pdf,Manual estandarizado de preservación y protección para la caja reductora LAF REINTJES - 001,manual estandarizado de preservacion y proteccion para la caja reductora laf reintjes 001,manual,false,,false,false,[241] - REDUCTORES
media/uploads/equipo_docs/GRUPO 200/[241] - REDUCTORES/[24111] - CAJA REDUCTORA NRO. 1/Manual estandarizado para caja reductora LAF con fijación rígida mediante chocks de resina REINTJES - 001.pdf,Manual estandarizado para caja reductora LAF con fijación rígida mediante chocks de resina REINTJES - 001,manual estandarizado para caja reductora laf con fijacion rigida mediante chocks de resina reintjes 001,manual,false,,false,false,[241] - REDUCTORES
media/uploads/equipo_docs/GRUPO 200/[241] - REDUCTORES/[24111] - CAJA REDUCTORA NRO. 1/Manual estandarizado para caja reductora LAF con fijación rígida mediante chocks metálicos REINTJES - 001.pdf,Manual estandarizado para caja reductora LAF con fijación rígida mediante chocks metálicos REINTJES - 001,manual estandarizado para caja reductora laf con fijacion rigida mediante chocks metalicos reintjes 001,manual,false,,false,false,[241] - REDUCTORES
media/uploads/equipo_docs/GRUPO 200/[241] - REDUCTORES/[24111] - CAJA REDUCTORA NRO. 1/Plano de análisis de cargas y contorno del eje de salida de caja reductora LAF 1173 REINTJES - 001.pdf,Plano de análisis de cargas y contorno del eje de salida de caja reductora LAF 1173 REINTJES - 001,plano de analisis de cargas y contorno del eje de salida de caja reductora laf 1173 reintjes 001,plano,false,,false,false,[241] - REDUCTORES
media/uploads/equipo_docs/GRUPO 200/[241] - REDUCTORES/[24111] - CAJA REDUCTORA NRO. 1/Plano de expansión térmica de ejes para la caja reductora LAF 1173 REINTJES - 001.pdf,Plano de expansión térmica de ejes para la caja reductora LAF 1173 REINTJES - 001,plano de expansion termica de ejes para la caja reductora laf 1173 reintjes 001,plano,false,,false,false,[241] - REDUCTORES
media/uploads/equipo_docs/GRUPO 200/[241] - REDUCTORES/[24111] - CAJA REDUCTORA NRO. 1/Plano de instalación mecánica del reductor marino REINTJES - 001.pdf,Plano de instalación mecánica del reductor marino REINTJES - 001,plano de instalacion mecanica del reductor marino reintjes 001,"manual,plano",false,,false,false,[241] - REDUCTORES
media/uploads/equipo_docs/GRUPO 200/[241] - REDUCTORES/[24111] - CAJA REDUCTORA NRO. 1/Plano de sistema hidráulico para lubricación de reductores con bomba de reserva REINTJES - 001.pdf,Plano de sistema hidráulico para lubricación de reductores con bomba de reserva REINTJES - 001,plano de sistema hidraulico para lubricacion de reductores con bomba de reserva reintjes 001,plano,false,,false,false,[241] - REDUCTORES
media/uploads/equipo_docs/GRUPO 200/[241] - REDUCTORES/[24111] - CAJA REDUCTORA NRO. 1/Plano de vibración torsional de la caja reductora LAF REINTJES - 001 lado babor.pdf,Plano de vibración torsional de la caja reductora LAF REINTJES - 001 lado babor,plano de vibracion torsional de la caja reductora laf reintjes 001 lado babor,plano,false,,false,false,[241] - REDUCTORES
media/uploads/equipo_docs/GRUPO 200/[241] - REDUCTORES/[24111] - CAJA REDUCTORA NRO. 1/Plano de vibración torsional de la caja reductora LAF REINTJES - 001 lado estribor.pdf,Plano de vibración torsional de la caja reductora LAF REINTJES - 001 lado estribor,plano de vibracion torsional de la caja reductora laf reintjes 001 lado estribor,plano,false,,false,false,[241] - REDUCTORES
media/uploads/equipo_docs/GRUPO 200/[241] - REDUCTORES/[24111] - CAJA REDUCTORA NRO. 1/Plano del extremo cónico del eje de entrada del reductor REINTJES - 001.pdf,Plano del extremo cónico del eje de entrada del reductor REINTJES - 001,plano del extremo conico del eje de entrada del reductor reintjes 001,plano,false,,false,false,[241] - REDUCTORES
media/uploads/equipo_docs/GRUPO 200/[241] - REDUCTORES/[24111] - CAJA REDUCTORA NRO. 1/Plano del sistema de supervisión y control  para la caja reductora LAF 1173 REINTJES - 001.pdf,Plano del sistema de supervisión y control  para la caja reductora LAF 1173 REINTJES - 001,plano del sistema de supervision y control para la caja reductora laf 1173 reintjes 001,plano,false,,false,false,[241] - REDUCTORES
media/uploads/equipo_docs/GRUPO 200/[241] - REDUCTORES/[24111] - CAJA REDUCTORA NRO. 1/Plano del sistema hidráulico de lubricación con bomba de reserva para cajas LAF REINTJES - 001.pdf,Plano del sistema hidráulico de lubricación con bomba de reserva para cajas LAF REINTJES - 001,plano del sistema hidraulico de lubricacion con bomba de reserva para cajas laf reintjes 001,plano,false,,false,false,[241] - REDUCTORES
media/uploads/equipo_docs/GRUPO 200/[241] - REDUCTORES/[24111] - CAJA REDUCTORA NRO. 1/Plano Interfaz Caja Reductora SCHOTTEL - 001.pdf,Plano Interfaz Caja Reductora SCHOTTEL - 001,plano interfaz caja reductora schottel 001,plano,false,,false,false,[241] - REDUCTORES
media/uploads/equipo_docs/GRUPO 200/[241] - REDUCTORES/[24111] - CAJA REDUCTORA NRO. 1/Procedimiento de conservación y protección de cajas reductoras marinas REINTJES - 001.pdf,Procedimiento de conservación y protección de cajas reductoras marinas REINTJES - 001,procedimiento de conservacion y proteccion de cajas reductoras marinas reintjes 001,manual,false,,false,false,[241] - REDUCTORES
media/uploads/equipo_docs/GRUPO 200/[241] - REDUCTORES/[24111] - CAJA REDUCTORA NRO. 1/Procedimiento de limpieza de sistemas hidráulicos de cajas OD integrados al sistema de engranajes SCHOTTEL - 001.pdf,Procedimiento de limpieza de sistemas hidráulicos de cajas OD integrados al sistema de engranajes SCHOTTEL - 001,procedimiento de limpieza de sistemas hidraulicos de cajas od integrados al sistema de engranajes schottel 001,manual,false,,false,false,[241] - REDUCTORES
media/uploads/equipo_docs/GRUPO 200/[241] - REDUCTORES/[24112] - CAJA REDUCTORA NRO. 2/Catálogo de piezas de repuesto del Reductor LAF 1173.pdf,Catálogo de piezas de repuesto del Reductor LAF 1173,catalogo de piezas de repuesto del reductor laf 1173,,true,"manual_herramientas,manual_partes",false,false,[241] - REDUCTORES
media/uploads/equipo_docs/GRUPO 200/[241] - REDUCTORES/[24112] - CAJA REDUCTORA NRO. 2/Datasheet de vibración torsional de la caja reductora LAF1173 REINTJES - 002 lado babor.pdf,Datasheet de vibración torsional de la caja reductora LAF1173 REINTJES - 002 lado babor,datasheet de vibracion torsional de la caja reductora laf1173 reintjes 002 lado babor,datasheet,false,,false,false,[241] - REDUCTORES
media/uploads/equipo_docs/GRUPO 200/[241] - REDUCTORES/[24112] - CAJA REDUCTORA NRO. 2/Ficha técnica de lubricantes aprobados para motor marino REINTJES - 001.pdf,Ficha técnica de lubricantes aprobados para motor marino REINTJES - 001,ficha tecnica de lubricantes aprobados para motor marino reintjes 001,datasheet,false,,false,false,[241] - REDUCTORES
media/uploads/equipo_docs/GRUPO 200/[241] - REDUCTORES/[24112] - CAJA REDUCTORA NRO. 2/Ficha técnica detallada del modelo LAF 1173 de REINTJES - 001.pdf,Ficha técnica detallada del modelo LAF 1173 de REINTJES - 001,ficha tecnica detallada del modelo laf 1173 de reintjes 001,datasheet,false,,false,false,[241] - REDUCTORES
media/uploads/equipo_docs/GRUPO 200/[241] - REDUCTORES/[24112] - CAJA REDUCTORA NRO. 2/Folleto técnico  Espaciadores esféricos RotaChock para montaje de caja reductora LAF 1173.pdf,Folleto técnico  Espaciadores esféricos RotaChock para montaje de caja reductora LAF 1173,folleto tecnico espaciadores esfericos rotachock para montaje de caja reductora laf 1173,manual,false,,true,true,[241] - REDUCTORES
media/uploads/equipo_docs/GRUPO 200/[241] - REDUCTORES/[24112] - CAJA REDUCTORA NRO. 2/Hoja técnica de señales de control y alarma para la caja reductora LAF 1173 REINTJES - 001.pdf,Hoja técnica de señales de control y alarma para la caja reductora LAF 1173 REINTJES - 001,hoja tecnica de senales de control y alarma para la caja reductora laf 1173 reintjes 001,datasheet,false,,false,false,[241] - REDUCTORES
media/uploads/equipo_docs/GRUPO 200/[241] - REDUCTORES/[24112] - CAJA REDUCTORA NRO. 2/Manual de instalación y alineación de reductores marinos pesados con fijación rígida REINTJES - 001.pdf,Manual de instalación y alineación de reductores marinos pesados con fijación rígida REINTJES - 001,manual de instalacion y alineacion de reductores marinos pesados con fijacion rigida reintjes 001,manual,false,,false,false,[241] - REDUCTORES
media/uploads/equipo_docs/GRUPO 200/[241] - REDUCTORES/[24112] - CAJA REDUCTORA NRO. 2/Manual de instrucción servicio de la caja reductora LAF 1173 REINTJES - 001.pdf,Manual de instrucción servicio de la caja reductora LAF 1173 REINTJES - 001,manual de instruccion servicio de la caja reductora laf 1173 reintjes 001,manual,false,,false,false,[241] - REDUCTORES
media/uploads/equipo_docs/GRUPO 200/[241] - REDUCTORES/[24112] - CAJA REDUCTORA NRO. 2/Manual estandarizado de preservación y protección para la caja reductora LAF REINTJES - 001.pdf,Manual estandarizado de preservación y protección para la caja reductora LAF REINTJES - 001,manual estandarizado de preservacion y proteccion para la caja reductora laf reintjes 001,manual,false,,false,false,[241] - REDUCTORES
media/uploads/equipo_docs/GRUPO 200/[241] - REDUCTORES/[24112] - CAJA REDUCTORA NRO. 2/Manual estandarizado para caja reductora LAF con fijación rígida mediante chocks de resina REINTJES - 001.pdf,Manual estandarizado para caja reductora LAF con fijación rígida mediante chocks de resina REINTJES - 001,manual estandarizado para caja reductora laf con fijacion rigida mediante chocks de resina reintjes 001,manual,false,,false,false,[241] - REDUCTORES
media/uploads/equipo_docs/GRUPO 200/[241] - REDUCTORES/[24112] - CAJA REDUCTORA NRO. 2/Manual estandarizado para caja reductora LAF con fijación rígida mediante chocks metálicos REINTJES - 001.pdf,Manual estandarizado para caja reductora LAF con fijación rígida mediante chocks metálicos REINTJES - 001,manual estandarizado para caja reductora laf con fijacion rigida mediante chocks metalicos reintjes 001,manual,false,,false,false,[241] - REDUCTORES
media/uploads/equipo_docs/GRUPO 200/[241] - REDUCTORES/[24112] - CAJA REDUCTORA NRO. 2/Montaje y alineación para intercambiador de placas de la caja reductora.pdf,Montaje y alineación para intercambiador de placas de la caja reductora,montaje y alineacion para intercambiador de placas de la caja reductora,manual,false,,true,true,[241] - REDUCTORES
media/uploads/equipo_docs/GRUPO 200/[241] - REDUCTORES/[24112] - CAJA REDUCTORA NRO. 2/Plano de análisis de cargas y contorno del eje de salida de caja reductora LAF 1173 REINTJES - 001.pdf,Plano de análisis de cargas y contorno del eje de salida de caja reductora LAF 1173 REINTJES - 001,plano de analisis de cargas y contorno del eje de salida de caja reductora laf 1173 reintjes 001,plano,false,,false,false,[241] - REDUCTORES
media/uploads/equipo_docs/GRUPO 200/[241] - REDUCTORES/[24112] - CAJA REDUCTORA NRO. 2/Plano de expansión térmica de ejes para la caja reductora LAF 1173 REINTJES - 001.pdf,Plano de expansión térmica de ejes para la caja reductora LAF 1173 REINTJES - 001,plano de expansion termica de ejes para la caja reductora laf 1173 reintjes 001,plano,false,,false,false,[241] - REDUCTORES
media/uploads/equipo_docs/GRUPO 200/[241] - REDUCTORES/[24112] - CAJA REDUCTORA NRO. 2/Plano de instalación mecánica del reductor marino REINTJES - 001.pdf,Plano de instalación mecánica del reductor marino REINTJES - 001,plano de instalacion mecanica del reductor marino reintjes 001,"manual,plano",false,,false,false,[241] - REDUCTORES
media/uploads/equipo_docs/GRUPO 200/[241] - REDUCTORES/[24112] - CAJA REDUCTORA NRO. 2/Plano de sistema hidráulico para lubricación de reductores con bomba de reserva REINTJES - 001.pdf,Plano de sistema hidráulico para lubricación de reductores con bomba de reserva REINTJES - 001,plano de sistema hidraulico para lubricacion de reductores con bomba de reserva reintjes 001,plano,false,,false,false,[241] - REDUCTORES
media/uploads/equipo_docs/GRUPO 200/[241] - REDUCTORES/[24112] - CAJA REDUCTORA NRO. 2/Plano de vibración torsional de la caja reductora LAF REINTJES - 001 lado babor.pdf,Plano de vibración torsional de la caja reductora LAF REINTJES - 001 lado babor,plano de vibracion torsional de la caja reductora laf reintjes 001 lado babor,plano,false,,false,false,[241] - REDUCTORES
media/uploads/equipo_docs/GRUPO 200/[241] - REDUCTORES/[24112] - CAJA REDUCTORA NRO. 2/Plano de vibración torsional de la caja reductora LAF REINTJES - 001 lado estribor.pdf,Plano de vibración torsional de la caja reductora LAF REINTJES - 001 lado estribor,plano de vibracion torsional de la caja reductora laf reintjes 001 lado estribor,plano,false,,false,false,[241] - REDUCTORES
media/uploads/equipo_docs/GRUPO 200/[241] - REDUCTORES/[24112] - CAJA REDUCTORA NRO. 2/Plano del extremo cónico del eje de entrada del reductor REINTJES - 001.pdf,Plano del extremo cónico del eje de entrada del reductor REINTJES - 001,plano del extremo conico del eje de entrada del reductor reintjes 001,plano,false,,false,false,[241] - REDUCTORES
media/uploads/equipo_docs/GRUPO 200/[241] - REDUCTORES/[24112] - CAJA REDUCTORA NRO. 2/Plano del sistema de supervisión y control  para la caja reductora LAF 1173 REINTJES - 001.pdf,Plano del sistema de supervisión y control  para la caja reductora LAF 1173 REINTJES - 001,plano del sistema de supervision y control para la caja reductora laf 1173 reintjes 001,plano,false,,false,false,[241] - REDUCTORES
media/uploads/equipo_docs/GRUPO 200/[241] - REDUCTORES/[24112] - CAJA REDUCTORA NRO. 2/Plano del sistema hidráulico de lubricación con bomba de reserva para cajas LAF REINTJES - 001.pdf,Plano del sistema hidráulico de lubricación con bomba de reserva para cajas LAF REINTJES - 001,plano del sistema hidraulico de lubricacion con bomba de reserva para cajas laf reintjes 001,plano,false,,false,false,[241] - REDUCTORES
media/uploads/equipo_docs/GRUPO 200/[241] - REDUCTORES/[24112] - CAJA REDUCTORA NRO. 2/Plano Interfaz Caja Reductora SCHOTTEL - 001.pdf,Plano Interfaz Caja Reductora SCHOTTEL - 001,plano interfaz caja reductora schottel 001,plano,false,,false,false,[241] - REDUCTORES
media/uploads/equipo_docs/GRUPO 200/[241] - REDUCTORES/[24112] - CAJA REDUCTORA NRO. 2/Procedimiento de conservación y protección de cajas reductoras marinas REINTJES - 001.pdf,Procedimiento de conservación y protección de cajas reductoras marinas REINTJES - 001,procedimiento de conservacion y proteccion de cajas reductoras marinas reintjes 001,manual,false,,false,false,[241] - REDUCTORES
media/uploads/equipo_docs/GRUPO 200/[241] - REDUCTORES/[24112] - CAJA REDUCTORA NRO. 2/Procedimiento de limpieza de sistemas hidráulicos de cajas OD integrados al sistema de engranajes SCHOTTEL - 001.pdf,Procedimiento de limpieza de sistemas hidráulicos de cajas OD integrados al sistema de engranajes SCHOTTEL - 001,procedimiento de limpieza de sistemas hidraulicos de cajas od integrados al sistema de engranajes schottel 001,manual,false,,false,false,[241] - REDUCTORES
media/uploads/equipo_docs/GRUPO 200/[241] - REDUCTORES/[24112] - CAJA REDUCTORA NRO. 2/Trabajo de mantenimiento intercambiador del reductor.pdf,Trabajo de mantenimiento intercambiador del reductor,trabajo de mantenimiento intercambiador del reductor,manual,false,,false,false,[241] - REDUCTORES
media/uploads/equipo_docs/GRUPO 200/[242] - ACOPLES/[24211] ACOPLES FLEXIBLE (MOTOR-REDUCTOR) EJE NRO. 1 (ER)/Ficha técnica de la serie de acoplamientos elásticos VULKARDAN E - 001.pdf,Ficha técnica de la serie de acoplamientos elásticos VULKARDAN E - 001,ficha tecnica de la serie de acoplamientos elasticos vulkardan e 001,datasheet,false,,false,false,[242] - ACOPLES
media/uploads/equipo_docs/GRUPO 200/[242] - ACOPLES/[24211] ACOPLES FLEXIBLE (MOTOR-REDUCTOR) EJE NRO. 1 (ER)/Manual de uso y mantenimiento del acoplamiento VULKARDAN F de VU.pdf,Manual de uso y mantenimiento del acoplamiento VULKARDAN F de VU,manual de uso y mantenimiento del acoplamiento vulkardan f de vu,manual,false,,false,false,[242] - ACOPLES
media/uploads/equipo_docs/GRUPO 200/[242] - ACOPLES/[24211] ACOPLES FLEXIBLE (MOTOR-REDUCTOR) EJE NRO. 1 (ER)/Plano técnico de ensamblaje del acoplamiento VULKARDAN F - 001.pdf,Plano técnico de ensamblaje del acoplamiento VULKARDAN F - 001,plano tecnico de ensamblaje del acoplamiento vulkardan f 001,plano,false,,false,false,[242] - ACOPLES
media/uploads/equipo_docs/GRUPO 200/[242] - ACOPLES/[24212] ACOPLES FLEXIBLE (MOTOR-REDUCTOR) EJE NRO. 2 (BR)/Ficha técnica de la serie de acoplamientos elásticos VULKARDAN E - 001.pdf,Ficha técnica de la serie de acoplamientos elásticos VULKARDAN E - 001,ficha tecnica de la serie de acoplamientos elasticos vulkardan e 001,datasheet,false,,false,false,[242] - ACOPLES
media/uploads/equipo_docs/GRUPO 200/[242] - ACOPLES/[24212] ACOPLES FLEXIBLE (MOTOR-REDUCTOR) EJE NRO. 2 (BR)/Manual de uso y mantenimiento del acoplamiento VULKARDAN F de VULKAN - 001.pdf,Manual de uso y mantenimiento del acoplamiento VULKARDAN F de VULKAN - 001,manual de uso y mantenimiento del acoplamiento vulkardan f de vulkan 001,manual,false,,false,false,[242] - ACOPLES
media/uploads/equipo_docs/GRUPO 200/[242] - ACOPLES/[24212] ACOPLES FLEXIBLE (MOTOR-REDUCTOR) EJE NRO. 2 (BR)/Plano técnico de ensamblaje del acoplamiento VULKARDAN F - 001.pdf,Plano técnico de ensamblaje del acoplamiento VULKARDAN F - 001,plano tecnico de ensamblaje del acoplamiento vulkardan f 001,plano,false,,false,false,[242] - ACOPLES
media/uploads/equipo_docs/GRUPO 200/[242] - ACOPLES/[24213] ACOPLES FLEXIBLE (EJE-REDUCTOR) EJE NRO. 1 (ER) 200 mm/Manual de instrucciones de montaje para el acoplamiento D200 SCHOTTEL - 001.pdf,Manual de instrucciones de montaje para el acoplamiento D200 SCHOTTEL - 001,manual de instrucciones de montaje para el acoplamiento d200 schottel 001,manual,false,,false,false,[242] - ACOPLES
media/uploads/equipo_docs/GRUPO 200/[242] - ACOPLES/[24213] ACOPLES FLEXIBLE (EJE-REDUCTOR) EJE NRO. 1 (ER) 200 mm/Plano de diseño y montaje de un acoplamiento de eje para sistemas.pdf,Plano de diseño y montaje de un acoplamiento de eje para sistemas,plano de diseno y montaje de un acoplamiento de eje para sistemas,plano,false,,false,false,[242] - ACOPLES
"media/uploads/equipo_docs/GRUPO 200/[242] - ACOPLES/[24213] ACOPLES FLEXIBLE (EJE-REDUCTOR) EJE NRO. 1 (ER) 200 mm/Procedimiento de montaje, apriete y fijación de tornillos y dispos.pdf","Procedimiento de montaje, apriete y fijación de tornillos y dispos",procedimiento de montaje apriete y fijacion de tornillos y dispos,manual,false,,false,false,[242] - ACOPLES
media/uploads/equipo_docs/GRUPO 200/[242] - ACOPLES/[24214] ACOPLES FLEXIBLE (EJE-REDUCTOR) EJE NRO. 2 (BR) 200 mm/Manual de instrucciones de montaje para el acoplamiento D200 SCHOTTEL - 001.pdf,Manual de instrucciones de montaje para el acoplamiento D200 SCHOTTEL - 001,manual de instrucciones de montaje para el acoplamiento d200 schottel 001,manual,false,,false,false,[242] - ACOPLES
media/uploads/equipo_docs/GRUPO 200/[242] - ACOPLES/[24214] ACOPLES FLEXIBLE (EJE-REDUCTOR) EJE NRO. 2 (BR) 200 mm/Plano de diseño y montaje de un acoplamiento de eje para sistemas marinos D200 SCHOTTEL - 001.pdf,Plano de diseño y montaje de un acoplamiento de eje para sistemas marinos D200 SCHOTTEL - 001,plano de diseno y montaje de un acoplamiento de eje para sistemas marinos d200 schottel 001,plano,false,,false,false,[242] - ACOPLES
media/uploads/equipo_docs/GRUPO 200/[242] - ACOPLES/[24214] ACOPLES FLEXIBLE (EJE-REDUCTOR) EJE NRO. 2 (BR) 200 mm/Plano engranaje de acoplamiento 1263098 SCHOTTEL - 001.pdf,Plano engranaje de acoplamiento 1263098 SCHOTTEL - 001,plano engranaje de acoplamiento 1263098 schottel 001,plano,false,,false,false,[242] - ACOPLES
media/uploads/equipo_docs/GRUPO 200/[242] - ACOPLES/[24215] ACOPLES FLEXIBLE (EJE INTERMEDIO) EJE NRO. 1 (ER) 210 mm/Manual de instrucciones de montaje para el acoplamiento D210 SCH.pdf,Manual de instrucciones de montaje para el acoplamiento D210 SCH,manual de instrucciones de montaje para el acoplamiento d210 sch,manual,false,,false,false,[242] - ACOPLES
media/uploads/equipo_docs/GRUPO 200/[242] - ACOPLES/[24215] ACOPLES FLEXIBLE (EJE INTERMEDIO) EJE NRO. 1 (ER) 210 mm/Plano de diseño y montaje de un acoplamiento de eje cilíndrico D.pdf,Plano de diseño y montaje de un acoplamiento de eje cilíndrico D,plano de diseno y montaje de un acoplamiento de eje cilindrico d,plano,false,,false,false,[242] - ACOPLES
"media/uploads/equipo_docs/GRUPO 200/[242] - ACOPLES/[24215] ACOPLES FLEXIBLE (EJE INTERMEDIO) EJE NRO. 1 (ER) 210 mm/Procedimiento de montaje, apriete y fijación de tornillos y disp.pdf","Procedimiento de montaje, apriete y fijación de tornillos y disp",procedimiento de montaje apriete y fijacion de tornillos y disp,manual,false,,false,false,[242] - ACOPLES
media/uploads/equipo_docs/GRUPO 200/[242] - ACOPLES/[24216] ACOPLES FLEXIBLE (EJE INTERMEDIO) EJE NRO. 2 (BR) 210 mm/Manual de instrucciones de montaje para el acoplamiento D210 SCHOTTEL - 001.pdf,Manual de instrucciones de montaje para el acoplamiento D210 SCHOTTEL - 001,manual de instrucciones de montaje para el acoplamiento d210 schottel 001,manual,false,,false,false,[242] - ACOPLES
media/uploads/equipo_docs/GRUPO 200/[242] - ACOPLES/[24216] ACOPLES FLEXIBLE (EJE INTERMEDIO) EJE NRO. 2 (BR) 210 mm/Plano de diseño y montaje de un acoplamiento de eje cilíndrico D210 SCHOTTEL - 001.pdf,Plano de diseño y montaje de un acoplamiento de eje cilíndrico D210 SCHOTTEL - 001,plano de diseno y montaje de un acoplamiento de eje cilindrico d210 schottel 001,plano,false,,false,false,[242] - ACOPLES
media/uploads/equipo_docs/GRUPO 200/[242] - ACOPLES/[24217] ACOPLES FLEXIBLE (EJE COLA) EJE NRO. 1 (ER) 230 mm/Instrucciones de montaje de la carcasa para acople 230mm.pdf,Instrucciones de montaje de la carcasa para acople 230mm,instrucciones de montaje de la carcasa para acople 230mm,manual,false,,false,false,[242] - ACOPLES
media/uploads/equipo_docs/GRUPO 200/[242] - ACOPLES/[24217] ACOPLES FLEXIBLE (EJE COLA) EJE NRO. 1 (ER) 230 mm/Manual de instrucciones de montaje para el acoplamiento D230 SCHOTTEL - 001.pdf,Manual de instrucciones de montaje para el acoplamiento D230 SCHOTTEL - 001,manual de instrucciones de montaje para el acoplamiento d230 schottel 001,manual,false,,false,false,[242] - ACOPLES
media/uploads/equipo_docs/GRUPO 200/[242] - ACOPLES/[24217] ACOPLES FLEXIBLE (EJE COLA) EJE NRO. 1 (ER) 230 mm/Plano de diseño y montaje de un acoplamiento de eje sin brida D230 SCH.pdf,Plano de diseño y montaje de un acoplamiento de eje sin brida D230 SCH,plano de diseno y montaje de un acoplamiento de eje sin brida d230 sch,plano,false,,false,false,[242] - ACOPLES
media/uploads/equipo_docs/GRUPO 200/[242] - ACOPLES/[24218] ACOPLES FLEXIBLE (EJE COLA) EJE NRO. 2 (BR) 230 mm/Instrucciones de montaje de la carcasa para acople 230mm.pdf,Instrucciones de montaje de la carcasa para acople 230mm,instrucciones de montaje de la carcasa para acople 230mm,manual,false,,false,false,[242] - ACOPLES
media/uploads/equipo_docs/GRUPO 200/[242] - ACOPLES/[24218] ACOPLES FLEXIBLE (EJE COLA) EJE NRO. 2 (BR) 230 mm/Manual de instrucciones de montaje para el acoplamiento D230 SCHOTTEL - 001.pdf,Manual de instrucciones de montaje para el acoplamiento D230 SCHOTTEL - 001,manual de instrucciones de montaje para el acoplamiento d230 schottel 001,manual,false,,false,false,[242] - ACOPLES
media/uploads/equipo_docs/GRUPO 200/[242] - ACOPLES/[24218] ACOPLES FLEXIBLE (EJE COLA) EJE NRO. 2 (BR) 230 mm/Plano de diseño y montaje de un acoplamiento de eje sin brida D230 SCHOTTEL - 001.pdf,Plano de diseño y montaje de un acoplamiento de eje sin brida D230 SCHOTTEL - 001,plano de diseno y montaje de un acoplamiento de eje sin brida d230 schottel 001,plano,false,,false,false,[242] - ACOPLES
media/uploads/equipo_docs/GRUPO 200/[243] - EJES/[24311] EJE DE COLA NRO. 1 (ER)/Calculo de la alineación del eje del sistema de propulsión SCHOTTEL - 001.pdf,Calculo de la alineación del eje del sistema de propulsión SCHOTTEL - 001,calculo de la alineacion del eje del sistema de propulsion schottel 001,manual,false,,true,true,[243] - EJES
media/uploads/equipo_docs/GRUPO 200/[243] - EJES/[24311] EJE DE COLA NRO. 1 (ER)/Instrucciones para la instalación de ejes SCHOTTEL - 001.pdf,Instrucciones para la instalación de ejes SCHOTTEL - 001,instrucciones para la instalacion de ejes schottel 001,manual,false,,false,false,[243] - EJES
media/uploads/equipo_docs/GRUPO 200/[243] - EJES/[24311] EJE DE COLA NRO. 1 (ER)/Manual de instalacion y operación Sello de Mamparo 50mm-600mm ProfiSeal.pdf,Manual de instalacion y operación Sello de Mamparo 50mm-600mm ProfiSeal,manual de instalacion y operacion sello de mamparo 50mm 600mm profiseal,manual,false,,false,false,[243] - EJES
media/uploads/equipo_docs/GRUPO 200/[243] - EJES/[24311] EJE DE COLA NRO. 1 (ER)/Manual de Operación Para el Sistema de Puesta a Tierra del Eje de la Hélice.pdf,Manual de Operación Para el Sistema de Puesta a Tierra del Eje de la Hélice,manual de operacion para el sistema de puesta a tierra del eje de la helice,manual,false,,false,false,[243] - EJES
media/uploads/equipo_docs/GRUPO 200/[243] - EJES/[24311] EJE DE COLA NRO. 1 (ER)/Manual de torque para tornillos SCHOTTEL.pdf,Manual de torque para tornillos SCHOTTEL,manual de torque para tornillos schottel,manual,false,,false,false,[243] - EJES
media/uploads/equipo_docs/GRUPO 200/[243] - EJES/[24311] EJE DE COLA NRO. 1 (ER)/Plano de Instalacion de ejes.pdf,Plano de Instalacion de ejes,plano de instalacion de ejes,"manual,plano",false,,false,false,[243] - EJES
media/uploads/equipo_docs/GRUPO 200/[243] - EJES/[24311] EJE DE COLA NRO. 1 (ER)/Procedimiento de preservación y mantenimiento preventivo de líneas de eje instaladas pero inactivas SCHOTTEL - 001.pdf,Procedimiento de preservación y mantenimiento preventivo de líneas de eje instaladas pero inactivas SCHOTTEL - 001,procedimiento de preservacion y mantenimiento preventivo de lineas de eje instaladas pero inactivas schottel 001,manual,false,,false,false,[243] - EJES
media/uploads/equipo_docs/GRUPO 200/[243] - EJES/[24311] EJE DE COLA NRO. 1 (ER)/SCHOTTEL USER MANUAL.pdf,SCHOTTEL USER MANUAL,schottel user manual,manual,false,,false,false,[243] - EJES
media/uploads/equipo_docs/GRUPO 200/[243] - EJES/[24312] EJE DE COLA NRO. 2 (BR)/Calculo de la alineación del eje del sistema de propulsión SCHOTTEL - 001.pdf,Calculo de la alineación del eje del sistema de propulsión SCHOTTEL - 001,calculo de la alineacion del eje del sistema de propulsion schottel 001,manual,false,,true,true,[243] - EJES
media/uploads/equipo_docs/GRUPO 200/[243] - EJES/[24312] EJE DE COLA NRO. 2 (BR)/Instrucciones para la instalación de ejes SCHOTTEL - 001.pdf,Instrucciones para la instalación de ejes SCHOTTEL - 001,instrucciones para la instalacion de ejes schottel 001,manual,false,,false,false,[243] - EJES
media/uploads/equipo_docs/GRUPO 200/[243] - EJES/[24312] EJE DE COLA NRO. 2 (BR)/Manual de instalacion y operación Sello de Mamparo 50mm-600mm ProfiSeal.pdf,Manual de instalacion y operación Sello de Mamparo 50mm-600mm ProfiSeal,manual de instalacion y operacion sello de mamparo 50mm 600mm profiseal,manual,false,,false,false,[243] - EJES
media/uploads/equipo_docs/GRUPO 200/[243] - EJES/[24312] EJE DE COLA NRO. 2 (BR)/Manual de Operación Para el Sistema de Puesta a Tierra del Eje de la Hélice.pdf,Manual de Operación Para el Sistema de Puesta a Tierra del Eje de la Hélice,manual de operacion para el sistema de puesta a tierra del eje de la helice,manual,false,,false,false,[243] - EJES
media/uploads/equipo_docs/GRUPO 200/[243] - EJES/[24312] EJE DE COLA NRO. 2 (BR)/Manual de torque para tornillos SCHOTTEL.pdf,Manual de torque para tornillos SCHOTTEL,manual de torque para tornillos schottel,manual,false,,false,false,[243] - EJES
media/uploads/equipo_docs/GRUPO 200/[243] - EJES/[24312] EJE DE COLA NRO. 2 (BR)/Plano de Instalacion de ejes.pdf,Plano de Instalacion de ejes,plano de instalacion de ejes,"manual,plano",false,,false,false,[243] - EJES
media/uploads/equipo_docs/GRUPO 200/[243] - EJES/[24312] EJE DE COLA NRO. 2 (BR)/Procedimiento de preservación y mantenimiento preventivo de líneas de eje instaladas pero inactivas SCHOTTEL - 001.pdf,Procedimiento de preservación y mantenimiento preventivo de líneas de eje instaladas pero inactivas SCHOTTEL - 001,procedimiento de preservacion y mantenimiento preventivo de lineas de eje instaladas pero inactivas schottel 001,manual,false,,false,false,[243] - EJES
media/uploads/equipo_docs/GRUPO 200/[243] - EJES/[24312] EJE DE COLA NRO. 2 (BR)/SCHOTTEL USER MANUAL.pdf,SCHOTTEL USER MANUAL,schottel user manual,manual,false,,false,false,[243] - EJES
media/uploads/equipo_docs/GRUPO 200/[243] - EJES/[24313] EJE INTERMEDIO NRO. 1 (ER)/Caja distribuidora de aceite eje intermedio.pdf,Caja distribuidora de aceite eje intermedio,caja distribuidora de aceite eje intermedio,manual,false,,true,true,[243] - EJES
media/uploads/equipo_docs/GRUPO 200/[243] - EJES/[24313] EJE INTERMEDIO NRO. 1 (ER)/Calculo de la alineación del eje del sistema de propulsión SCHOTTEL - 001.pdf,Calculo de la alineación del eje del sistema de propulsión SCHOTTEL - 001,calculo de la alineacion del eje del sistema de propulsion schottel 001,manual,false,,true,true,[243] - EJES
media/uploads/equipo_docs/GRUPO 200/[243] - EJES/[24313] EJE INTERMEDIO NRO. 1 (ER)/Hoja técnica del sensor de proximidad para la detección de velocidad del eje SCHOTTEL - 001.pdf,Hoja técnica del sensor de proximidad para la detección de velocidad del eje SCHOTTEL - 001,hoja tecnica del sensor de proximidad para la deteccion de velocidad del eje schottel 001,datasheet,false,,false,false,[243] - EJES
media/uploads/equipo_docs/GRUPO 200/[243] - EJES/[24313] EJE INTERMEDIO NRO. 1 (ER)/Instrucciones para la instalación de ejes SCHOTTEL - 001.pdf,Instrucciones para la instalación de ejes SCHOTTEL - 001,instrucciones para la instalacion de ejes schottel 001,manual,false,,false,false,[243] - EJES
media/uploads/equipo_docs/GRUPO 200/[243] - EJES/[24313] EJE INTERMEDIO NRO. 1 (ER)/Manual de instalacion y operación Sello de Mamparo 50mm-600mm ProfiSeal.pdf,Manual de instalacion y operación Sello de Mamparo 50mm-600mm ProfiSeal,manual de instalacion y operacion sello de mamparo 50mm 600mm profiseal,manual,false,,false,false,[243] - EJES
media/uploads/equipo_docs/GRUPO 200/[243] - EJES/[24313] EJE INTERMEDIO NRO. 1 (ER)/Manual de Operación Para el Sistema de Puesta a Tierra del Eje de la Hélice.pdf,Manual de Operación Para el Sistema de Puesta a Tierra del Eje de la Hélice,manual de operacion para el sistema de puesta a tierra del eje de la helice,manual,false,,false,false,[243] - EJES
media/uploads/equipo_docs/GRUPO 200/[243] - EJES/[24313] EJE INTERMEDIO NRO. 1 (ER)/Manual de torque para tornillos SCHOTTEL.pdf,Manual de torque para tornillos SCHOTTEL,manual de torque para tornillos schottel,manual,false,,false,false,[243] - EJES
media/uploads/equipo_docs/GRUPO 200/[243] - EJES/[24313] EJE INTERMEDIO NRO. 1 (ER)/Plano de caja de terminales para el sensor de velocidad del eje SCHOTTEL - 001.pdf,Plano de caja de terminales para el sensor de velocidad del eje SCHOTTEL - 001,plano de caja de terminales para el sensor de velocidad del eje schottel 001,plano,false,,false,false,[243] - EJES
media/uploads/equipo_docs/GRUPO 200/[243] - EJES/[24313] EJE INTERMEDIO NRO. 1 (ER)/Plano de Instalacion de ejes.pdf,Plano de Instalacion de ejes,plano de instalacion de ejes,"manual,plano",false,,false,false,[243] - EJES
media/uploads/equipo_docs/GRUPO 200/[243] - EJES/[24313] EJE INTERMEDIO NRO. 1 (ER)/Plano diseño y montaje de eje intermedio para el sistema de propulsión SCP655X SCHOTTEL - 001.pdf,Plano diseño y montaje de eje intermedio para el sistema de propulsión SCP655X SCHOTTEL - 001,plano diseno y montaje de eje intermedio para el sistema de propulsion scp655x schottel 001,plano,false,,false,false,[243] - EJES
media/uploads/equipo_docs/GRUPO 200/[243] - EJES/[24313] EJE INTERMEDIO NRO. 1 (ER)/Procedimiento de preservación y mantenimiento preventivo de líneas de eje instaladas pero inactivas SCHOTTEL - 001.pdf,Procedimiento de preservación y mantenimiento preventivo de líneas de eje instaladas pero inactivas SCHOTTEL - 001,procedimiento de preservacion y mantenimiento preventivo de lineas de eje instaladas pero inactivas schottel 001,manual,false,,false,false,[243] - EJES
media/uploads/equipo_docs/GRUPO 200/[243] - EJES/[24313] EJE INTERMEDIO NRO. 1 (ER)/SCHOTTEL USER MANUAL.pdf,SCHOTTEL USER MANUAL,schottel user manual,manual,false,,false,false,[243] - EJES
media/uploads/equipo_docs/GRUPO 200/[243] - EJES/[24314] EJE INTERMEDIO NRO. 2 (BR)/Caja distribuidora de aceite eje intermedio.pdf,Caja distribuidora de aceite eje intermedio,caja distribuidora de aceite eje intermedio,manual,false,,true,true,[243] - EJES
media/uploads/equipo_docs/GRUPO 200/[243] - EJES/[24314] EJE INTERMEDIO NRO. 2 (BR)/Calculo de la alineación del eje del sistema de propulsión SCHOTTEL - 001.pdf,Calculo de la alineación del eje del sistema de propulsión SCHOTTEL - 001,calculo de la alineacion del eje del sistema de propulsion schottel 001,manual,false,,true,true,[243] - EJES
media/uploads/equipo_docs/GRUPO 200/[243] - EJES/[24314] EJE INTERMEDIO NRO. 2 (BR)/Hoja técnica del sensor de proximidad para la detección de velocidad del eje SCHOTTEL - 001.pdf,Hoja técnica del sensor de proximidad para la detección de velocidad del eje SCHOTTEL - 001,hoja tecnica del sensor de proximidad para la deteccion de velocidad del eje schottel 001,datasheet,false,,false,false,[243] - EJES
media/uploads/equipo_docs/GRUPO 200/[243] - EJES/[24314] EJE INTERMEDIO NRO. 2 (BR)/Instrucciones para la instalación de ejes SCHOTTEL - 001.pdf,Instrucciones para la instalación de ejes SCHOTTEL - 001,instrucciones para la instalacion de ejes schottel 001,manual,false,,false,false,[243] - EJES
media/uploads/equipo_docs/GRUPO 200/[243] - EJES/[24314] EJE INTERMEDIO NRO. 2 (BR)/Manual de instalacion y operación Sello de Mamparo 50mm-600mm ProfiSeal.pdf,Manual de instalacion y operación Sello de Mamparo 50mm-600mm ProfiSeal,manual de instalacion y operacion sello de mamparo 50mm 600mm profiseal,manual,false,,false,false,[243] - EJES
media/uploads/equipo_docs/GRUPO 200/[243] - EJES/[24314] EJE INTERMEDIO NRO. 2 (BR)/Manual de Operación Para el Sistema de Puesta a Tierra del Eje de la Hélice.pdf,Manual de Operación Para el Sistema de Puesta a Tierra del Eje de la Hélice,manual de operacion para el sistema de puesta a tierra del eje de la helice,manual,false,,false,false,[243] - EJES
media/uploads/equipo_docs/GRUPO 200/[243] - EJES/[24314] EJE INTERMEDIO NRO. 2 (BR)/Manual de torque para tornillos SCHOTTEL.pdf,Manual de torque para tornillos SCHOTTEL,manual de torque para tornillos schottel,manual,false,,false,false,[243] - EJES
media/uploads/equipo_docs/GRUPO 200/[243] - EJES/[24314] EJE INTERMEDIO NRO. 2 (BR)/Plano de caja de terminales para el sensor de velocidad del eje SCHOTTEL - 001.pdf,Plano de caja de terminales para el sensor de velocidad del eje SCHOTTEL - 001,plano de caja de terminales para el sensor de velocidad del eje schottel 001,plano,false,,false,false,[243] - EJES
media/uploads/equipo_docs/GRUPO 200/[243] - EJES/[24314] EJE INTERMEDIO NRO. 2 (BR)/Plano de Instalacion de ejes.pdf,Plano de Instalacion de ejes,plano de instalacion de ejes,"manual,plano",false,,false,false,[243] - EJES
media/uploads/equipo_docs/GRUPO 200/[243] - EJES/[24314] EJE INTERMEDIO NRO. 2 (BR)/Plano diseño y montaje de eje intermedio para el sistema de propulsión SCP655X SCHOTTEL - 001.pdf,Plano diseño y montaje de eje intermedio para el sistema de propulsión SCP655X SCHOTTEL - 001,plano diseno y montaje de eje intermedio para el sistema de propulsion scp655x schottel 001,plano,false,,false,false,[243] - EJES
media/uploads/equipo_docs/GRUPO 200/[243] - EJES/[24314] EJE INTERMEDIO NRO. 2 (BR)/Procedimiento de preservación y mantenimiento preventivo de líneas de eje instaladas pero inactivas SCHOTTEL - 001.pdf,Procedimiento de preservación y mantenimiento preventivo de líneas de eje instaladas pero inactivas SCHOTTEL - 001,procedimiento de preservacion y mantenimiento preventivo de lineas de eje instaladas pero inactivas schottel 001,manual,false,,false,false,[243] - EJES
media/uploads/equipo_docs/GRUPO 200/[243] - EJES/[24314] EJE INTERMEDIO NRO. 2 (BR)/SCHOTTEL USER MANUAL.pdf,SCHOTTEL USER MANUAL,schottel user manual,manual,false,,false,false,[243] - EJES
"media/uploads/equipo_docs/GRUPO 200/[243] - EJES/[24315] DISPOSITIVO DE GIRO, FRENO Y BLOQUEO EJE (ER)/Diagramas electricos Dispositivo de bloqueo del freno de giro del eje.pdf",Diagramas electricos Dispositivo de bloqueo del freno de giro del eje,diagramas electricos dispositivo de bloqueo del freno de giro del eje,plano,false,,false,false,[243] - EJES
"media/uploads/equipo_docs/GRUPO 200/[243] - EJES/[24315] DISPOSITIVO DE GIRO, FRENO Y BLOQUEO EJE (ER)/Manual de ususario dispositivo de freno STUWE.pdf",Manual de ususario dispositivo de freno STUWE,manual de ususario dispositivo de freno stuwe,manual,false,,false,false,[243] - EJES
"media/uploads/equipo_docs/GRUPO 200/[243] - EJES/[24315] DISPOSITIVO DE GIRO, FRENO Y BLOQUEO EJE (ER)/Plano  y diagrama electrico frenos.pdf",Plano  y diagrama electrico frenos,plano y diagrama electrico frenos,plano,false,,false,false,[243] - EJES
"media/uploads/equipo_docs/GRUPO 200/[243] - EJES/[24315] DISPOSITIVO DE GIRO, FRENO Y BLOQUEO EJE (ER)/Plano de diseño y disposición de la unidad de potencia hidáulica para freno STUWE - 001.pdf",Plano de diseño y disposición de la unidad de potencia hidáulica para freno STUWE - 001,plano de diseno y disposicion de la unidad de potencia hidaulica para freno stuwe 001,plano,false,,false,false,[243] - EJES
"media/uploads/equipo_docs/GRUPO 200/[243] - EJES/[24315] DISPOSITIVO DE GIRO, FRENO Y BLOQUEO EJE (ER)/Plano de funcionamiento del giro, freno y bloqueo para la línea de eje de un buque STUWE - 001.pdf","Plano de funcionamiento del giro, freno y bloqueo para la línea de eje de un buque STUWE - 001",plano de funcionamiento del giro freno y bloqueo para la linea de eje de un buque stuwe 001,plano,false,,false,false,[243] - EJES
"media/uploads/equipo_docs/GRUPO 200/[243] - EJES/[24315] DISPOSITIVO DE GIRO, FRENO Y BLOQUEO EJE (ER)/Plano de Instalacion de ejes.pdf",Plano de Instalacion de ejes,plano de instalacion de ejes,"manual,plano",false,,false,false,[243] - EJES
"media/uploads/equipo_docs/GRUPO 200/[243] - EJES/[24315] DISPOSITIVO DE GIRO, FRENO Y BLOQUEO EJE (ER)/Plano de propuesta para freno de eje STÜWE - 001.pdf",Plano de propuesta para freno de eje STÜWE - 001,plano de propuesta para freno de eje stuwe 001,plano,false,,false,false,[243] - EJES
"media/uploads/equipo_docs/GRUPO 200/[243] - EJES/[24315] DISPOSITIVO DE GIRO, FRENO Y BLOQUEO EJE (ER)/Plano eléctrico y disposición de controles del gabinete compacto de mando del eje en el buque STUWE - 001.pdf",Plano eléctrico y disposición de controles del gabinete compacto de mando del eje en el buque STUWE - 001,plano electrico y disposicion de controles del gabinete compacto de mando del eje en el buque stuwe 001,plano,false,,false,false,[243] - EJES
"media/uploads/equipo_docs/GRUPO 200/[243] - EJES/[24315] DISPOSITIVO DE GIRO, FRENO Y BLOQUEO EJE (ER)/SCHOTTEL USER MANUAL.pdf",SCHOTTEL USER MANUAL,schottel user manual,manual,false,,false,false,[243] - EJES
"media/uploads/equipo_docs/GRUPO 200/[243] - EJES/[24316] DISPOSITIVO DE GIRO, FRENO Y BLOQUEO EJE (BR)/Diagramas electricos Dispositivo de bloqueo del freno de giro del eje.pdf",Diagramas electricos Dispositivo de bloqueo del freno de giro del eje,diagramas electricos dispositivo de bloqueo del freno de giro del eje,plano,false,,false,false,[243] - EJES
"media/uploads/equipo_docs/GRUPO 200/[243] - EJES/[24316] DISPOSITIVO DE GIRO, FRENO Y BLOQUEO EJE (BR)/Manual de ususario dispositivo de freno STUWE.pdf",Manual de ususario dispositivo de freno STUWE,manual de ususario dispositivo de freno stuwe,manual,false,,false,false,[243] - EJES
"media/uploads/equipo_docs/GRUPO 200/[243] - EJES/[24316] DISPOSITIVO DE GIRO, FRENO Y BLOQUEO EJE (BR)/Plano  y diagrama electrico frenos.pdf",Plano  y diagrama electrico frenos,plano y diagrama electrico frenos,plano,false,,false,false,[243] - EJES
"media/uploads/equipo_docs/GRUPO 200/[243] - EJES/[24316] DISPOSITIVO DE GIRO, FRENO Y BLOQUEO EJE (BR)/Plano de diseño y disposición de la unidad de potencia hidáulica para freno STUWE - 001.pdf",Plano de diseño y disposición de la unidad de potencia hidáulica para freno STUWE - 001,plano de diseno y disposicion de la unidad de potencia hidaulica para freno stuwe 001,plano,false,,false,false,[243] - EJES
"media/uploads/equipo_docs/GRUPO 200/[243] - EJES/[24316] DISPOSITIVO DE GIRO, FRENO Y BLOQUEO EJE (BR)/Plano de funcionamiento del giro, freno y bloqueo para la línea de eje de un buque STUWE - 001.pdf","Plano de funcionamiento del giro, freno y bloqueo para la línea de eje de un buque STUWE - 001",plano de funcionamiento del giro freno y bloqueo para la linea de eje de un buque stuwe 001,plano,false,,false,false,[243] - EJES
"media/uploads/equipo_docs/GRUPO 200/[243] - EJES/[24316] DISPOSITIVO DE GIRO, FRENO Y BLOQUEO EJE (BR)/Plano de Instalacion de ejes.pdf",Plano de Instalacion de ejes,plano de instalacion de ejes,"manual,plano",false,,false,false,[243] - EJES
"media/uploads/equipo_docs/GRUPO 200/[243] - EJES/[24316] DISPOSITIVO DE GIRO, FRENO Y BLOQUEO EJE (BR)/Plano de propuesta para freno de eje STÜWE - 001.pdf",Plano de propuesta para freno de eje STÜWE - 001,plano de propuesta para freno de eje stuwe 001,plano,false,,false,false,[243] - EJES
"media/uploads/equipo_docs/GRUPO 200/[243] - EJES/[24316] DISPOSITIVO DE GIRO, FRENO Y BLOQUEO EJE (BR)/Plano eléctrico y disposición de controles del gabinete compacto de mando del eje en el buque STUWE - 001.pdf",Plano eléctrico y disposición de controles del gabinete compacto de mando del eje en el buque STUWE - 001,plano electrico y disposicion de controles del gabinete compacto de mando del eje en el buque stuwe 001,plano,false,,false,false,[243] - EJES
"media/uploads/equipo_docs/GRUPO 200/[243] - EJES/[24316] DISPOSITIVO DE GIRO, FRENO Y BLOQUEO EJE (BR)/SCHOTTEL USER MANUAL.pdf",SCHOTTEL USER MANUAL,schottel user manual,manual,false,,false,false,[243] - EJES
media/uploads/equipo_docs/GRUPO 200/[243] - EJES/[24317] EJE TUBO DE BOCINA (ER)/Calculo de la alineación del eje del sistema de propulsión SCHOTTEL - 001.pdf,Calculo de la alineación del eje del sistema de propulsión SCHOTTEL - 001,calculo de la alineacion del eje del sistema de propulsion schottel 001,manual,false,,true,true,[243] - EJES
media/uploads/equipo_docs/GRUPO 200/[243] - EJES/[24317] EJE TUBO DE BOCINA (ER)/Instrucciones para la instalación de ejes SCHOTTEL - 001.pdf,Instrucciones para la instalación de ejes SCHOTTEL - 001,instrucciones para la instalacion de ejes schottel 001,manual,false,,false,false,[243] - EJES
media/uploads/equipo_docs/GRUPO 200/[243] - EJES/[24317] EJE TUBO DE BOCINA (ER)/Manual de instalacion y operación Sello de Mamparo 50mm-600mm ProfiSeal.pdf,Manual de instalacion y operación Sello de Mamparo 50mm-600mm ProfiSeal,manual de instalacion y operacion sello de mamparo 50mm 600mm profiseal,manual,false,,false,false,[243] - EJES
media/uploads/equipo_docs/GRUPO 200/[243] - EJES/[24317] EJE TUBO DE BOCINA (ER)/Manual de Operación Para el Sistema de Puesta a Tierra del Eje de la Hélice.pdf,Manual de Operación Para el Sistema de Puesta a Tierra del Eje de la Hélice,manual de operacion para el sistema de puesta a tierra del eje de la helice,manual,false,,false,false,[243] - EJES
media/uploads/equipo_docs/GRUPO 200/[243] - EJES/[24317] EJE TUBO DE BOCINA (ER)/Manual de torque para tornillos SCHOTTEL.pdf,Manual de torque para tornillos SCHOTTEL,manual de torque para tornillos schottel,manual,false,,false,false,[243] - EJES
media/uploads/equipo_docs/GRUPO 200/[243] - EJES/[24317] EJE TUBO DE BOCINA (ER)/Plano de fabricación e instalación del eje que atraviesa el tubo de bocina 1263787 SCHOTTEL - 001.pdf,Plano de fabricación e instalación del eje que atraviesa el tubo de bocina 1263787 SCHOTTEL - 001,plano de fabricacion e instalacion del eje que atraviesa el tubo de bocina 1263787 schottel 001,"manual,plano",false,,false,false,[243] - EJES
media/uploads/equipo_docs/GRUPO 200/[243] - EJES/[24317] EJE TUBO DE BOCINA (ER)/Plano de Instalacion de ejes.pdf,Plano de Instalacion de ejes,plano de instalacion de ejes,"manual,plano",false,,false,false,[243] - EJES
media/uploads/equipo_docs/GRUPO 200/[243] - EJES/[24317] EJE TUBO DE BOCINA (ER)/Procedimiento de preservación y mantenimiento  de líneas de eje  SCHOTTEL - 001.pdf,Procedimiento de preservación y mantenimiento  de líneas de eje  SCHOTTEL - 001,procedimiento de preservacion y mantenimiento de lineas de eje schottel 001,manual,false,,false,false,[243] - EJES
media/uploads/equipo_docs/GRUPO 200/[243] - EJES/[24317] EJE TUBO DE BOCINA (ER)/SCHOTTEL USER MANUAL.pdf,SCHOTTEL USER MANUAL,schottel user manual,manual,false,,false,false,[243] - EJES
media/uploads/equipo_docs/GRUPO 200/[243] - EJES/[24318] EJE TUBO DE BOCINA (BR)/Calculo de la alineación del eje del sistema de propulsión SCHOTTEL - 001.pdf,Calculo de la alineación del eje del sistema de propulsión SCHOTTEL - 001,calculo de la alineacion del eje del sistema de propulsion schottel 001,manual,false,,true,true,[243] - EJES
media/uploads/equipo_docs/GRUPO 200/[243] - EJES/[24318] EJE TUBO DE BOCINA (BR)/Instrucciones para la instalación de ejes SCHOTTEL - 001.pdf,Instrucciones para la instalación de ejes SCHOTTEL - 001,instrucciones para la instalacion de ejes schottel 001,manual,false,,false,false,[243] - EJES
media/uploads/equipo_docs/GRUPO 200/[243] - EJES/[24318] EJE TUBO DE BOCINA (BR)/Manual de instalacion y operación Sello de Mamparo 50mm-600mm ProfiSeal.pdf,Manual de instalacion y operación Sello de Mamparo 50mm-600mm ProfiSeal,manual de instalacion y operacion sello de mamparo 50mm 600mm profiseal,manual,false,,false,false,[243] - EJES
media/uploads/equipo_docs/GRUPO 200/[243] - EJES/[24318] EJE TUBO DE BOCINA (BR)/Manual de Operación Para el Sistema de Puesta a Tierra del Eje de la Hélice.pdf,Manual de Operación Para el Sistema de Puesta a Tierra del Eje de la Hélice,manual de operacion para el sistema de puesta a tierra del eje de la helice,manual,false,,false,false,[243] - EJES
media/uploads/equipo_docs/GRUPO 200/[243] - EJES/[24318] EJE TUBO DE BOCINA (BR)/Manual de torque para tornillos SCHOTTEL.pdf,Manual de torque para tornillos SCHOTTEL,manual de torque para tornillos schottel,manual,false,,false,false,[243] - EJES
media/uploads/equipo_docs/GRUPO 200/[243] - EJES/[24318] EJE TUBO DE BOCINA (BR)/Plano de fabricación e instalación del eje que atraviesa el tubo de bocina 1263787 SCHOTTEL - 001.pdf,Plano de fabricación e instalación del eje que atraviesa el tubo de bocina 1263787 SCHOTTEL - 001,plano de fabricacion e instalacion del eje que atraviesa el tubo de bocina 1263787 schottel 001,"manual,plano",false,,false,false,[243] - EJES
media/uploads/equipo_docs/GRUPO 200/[243] - EJES/[24318] EJE TUBO DE BOCINA (BR)/Plano de Instalacion de ejes.pdf,Plano de Instalacion de ejes,plano de instalacion de ejes,"manual,plano",false,,false,false,[243] - EJES
media/uploads/equipo_docs/GRUPO 200/[243] - EJES/[24318] EJE TUBO DE BOCINA (BR)/Procedimiento de preservación y mantenimiento preventivo de líneas de eje instaladas pero inactivas SCHOTTEL - 001.pdf,Procedimiento de preservación y mantenimiento preventivo de líneas de eje instaladas pero inactivas SCHOTTEL - 001,procedimiento de preservacion y mantenimiento preventivo de lineas de eje instaladas pero inactivas schottel 001,manual,false,,false,false,[243] - EJES
media/uploads/equipo_docs/GRUPO 200/[243] - EJES/[24318] EJE TUBO DE BOCINA (BR)/SCHOTTEL USER MANUAL.pdf,SCHOTTEL USER MANUAL,schottel user manual,manual,false,,false,false,[243] - EJES
"media/uploads/equipo_docs/GRUPO 200/[243] - EJES/[24319] TUBO DE BOCINA (ER)/Instalación, cuidado y mantenimiento THORDON para tubo de bocina.pdf","Instalación, cuidado y mantenimiento THORDON para tubo de bocina",instalacion cuidado y mantenimiento thordon para tubo de bocina,manual,false,,false,false,[243] - EJES
media/uploads/equipo_docs/GRUPO 200/[243] - EJES/[24319] TUBO DE BOCINA (ER)/Manual de instalacion y operación Sello de Mamparo 50mm-600mm ProfiSeal.pdf,Manual de instalacion y operación Sello de Mamparo 50mm-600mm ProfiSeal,manual de instalacion y operacion sello de mamparo 50mm 600mm profiseal,manual,false,,false,false,[243] - EJES
media/uploads/equipo_docs/GRUPO 200/[243] - EJES/[24319] TUBO DE BOCINA (ER)/Manual de instrucciones sello del tubo bocina de popa TYPE EVK2RV.pdf,Manual de instrucciones sello del tubo bocina de popa TYPE EVK2RV,manual de instrucciones sello del tubo bocina de popa type evk2rv,manual,false,,false,false,[243] - EJES
media/uploads/equipo_docs/GRUPO 200/[243] - EJES/[24319] TUBO DE BOCINA (ER)/Manual de Operación Para el Sistema de Puesta a Tierra del Eje de la Hélice.pdf,Manual de Operación Para el Sistema de Puesta a Tierra del Eje de la Hélice,manual de operacion para el sistema de puesta a tierra del eje de la helice,manual,false,,false,false,[243] - EJES
media/uploads/equipo_docs/GRUPO 200/[243] - EJES/[24319] TUBO DE BOCINA (ER)/Manual de torque para tornillos SCHOTTEL.pdf,Manual de torque para tornillos SCHOTTEL,manual de torque para tornillos schottel,manual,false,,false,false,[243] - EJES
media/uploads/equipo_docs/GRUPO 200/[243] - EJES/[24319] TUBO DE BOCINA (ER)/Plano de caja de terminales para el sensor de velocidad del eje SCHOTTEL - 001.pdf,Plano de caja de terminales para el sensor de velocidad del eje SCHOTTEL - 001,plano de caja de terminales para el sensor de velocidad del eje schottel 001,plano,false,,false,false,[243] - EJES
media/uploads/equipo_docs/GRUPO 200/[243] - EJES/[24319] TUBO DE BOCINA (ER)/Plano de diseño del sistema de puesta a tierra del eje propulsor SCHOTTEL - 001.pdf,Plano de diseño del sistema de puesta a tierra del eje propulsor SCHOTTEL - 001,plano de diseno del sistema de puesta a tierra del eje propulsor schottel 001,plano,false,,false,false,[243] - EJES
"media/uploads/equipo_docs/GRUPO 200/[243] - EJES/[24319] TUBO DE BOCINA (ER)/Plano de diseño, ensamblaje y materiales del sello delantero del tubo de bocina  KEMEL COMPANY -TYPE EVK2RV.pdf","Plano de diseño, ensamblaje y materiales del sello delantero del tubo de bocina  KEMEL COMPANY -TYPE EVK2RV",plano de diseno ensamblaje y materiales del sello delantero del tubo de bocina kemel company type evk2rv,plano,false,,false,false,[243] - EJES
"media/uploads/equipo_docs/GRUPO 200/[243] - EJES/[24319] TUBO DE BOCINA (ER)/Plano de fabricación, instalación y soldadura del tubo de bocina 1263041 SCHOTTEL - 001.pdf","Plano de fabricación, instalación y soldadura del tubo de bocina 1263041 SCHOTTEL - 001",plano de fabricacion instalacion y soldadura del tubo de bocina 1263041 schottel 001,"manual,plano",false,,false,false,[243] - EJES
media/uploads/equipo_docs/GRUPO 200/[243] - EJES/[24319] TUBO DE BOCINA (ER)/Plano de Instalacion de ejes.pdf,Plano de Instalacion de ejes,plano de instalacion de ejes,"manual,plano",false,,false,false,[243] - EJES
media/uploads/equipo_docs/GRUPO 200/[243] - EJES/[24319] TUBO DE BOCINA (ER)/Plano del sello de mamparo de 200 mm ProfiSeal - 001.pdf,Plano del sello de mamparo de 200 mm ProfiSeal - 001,plano del sello de mamparo de 200 mm profiseal 001,plano,false,,false,false,[243] - EJES
media/uploads/equipo_docs/GRUPO 200/[243] - EJES/[24319] TUBO DE BOCINA (ER)/Plano del sistema de puesta a tierra del eje propulsor SCHOTTEL - 001.pdf,Plano del sistema de puesta a tierra del eje propulsor SCHOTTEL - 001,plano del sistema de puesta a tierra del eje propulsor schottel 001,plano,false,,false,false,[243] - EJES
media/uploads/equipo_docs/GRUPO 200/[243] - EJES/[24319] TUBO DE BOCINA (ER)/Plano tubo de bocina.pdf,Plano tubo de bocina,plano tubo de bocina,plano,false,,false,false,[243] - EJES
media/uploads/equipo_docs/GRUPO 200/[243] - EJES/[24319] TUBO DE BOCINA (ER)/SCHOTTEL USER MANUAL.pdf,SCHOTTEL USER MANUAL,schottel user manual,manual,false,,false,false,[243] - EJES
"media/uploads/equipo_docs/GRUPO 200/[243] - EJES/[2431A] TUBO DE BOCINA (BR)/Instalación, cuidado y mantenimiento THORDON para tubo de bocina.pdf","Instalación, cuidado y mantenimiento THORDON para tubo de bocina",instalacion cuidado y mantenimiento thordon para tubo de bocina,manual,false,,false,false,[243] - EJES
media/uploads/equipo_docs/GRUPO 200/[243] - EJES/[2431A] TUBO DE BOCINA (BR)/Manual de instalacion y operación Sello de Mamparo 50mm-600mm ProfiSeal.pdf,Manual de instalacion y operación Sello de Mamparo 50mm-600mm ProfiSeal,manual de instalacion y operacion sello de mamparo 50mm 600mm profiseal,manual,false,,false,false,[243] - EJES
media/uploads/equipo_docs/GRUPO 200/[243] - EJES/[2431A] TUBO DE BOCINA (BR)/Manual de instrucciones sello del tubo bocina de popa TYPE EVK2RV.pdf,Manual de instrucciones sello del tubo bocina de popa TYPE EVK2RV,manual de instrucciones sello del tubo bocina de popa type evk2rv,manual,false,,false,false,[243] - EJES
media/uploads/equipo_docs/GRUPO 200/[243] - EJES/[2431A] TUBO DE BOCINA (BR)/Manual de Operación Para el Sistema de Puesta a Tierra del Eje de la Hélice.pdf,Manual de Operación Para el Sistema de Puesta a Tierra del Eje de la Hélice,manual de operacion para el sistema de puesta a tierra del eje de la helice,manual,false,,false,false,[243] - EJES
media/uploads/equipo_docs/GRUPO 200/[243] - EJES/[2431A] TUBO DE BOCINA (BR)/Manual de torque para tornillos SCHOTTEL.pdf,Manual de torque para tornillos SCHOTTEL,manual de torque para tornillos schottel,manual,false,,false,false,[243] - EJES
media/uploads/equipo_docs/GRUPO 200/[243] - EJES/[2431A] TUBO DE BOCINA (BR)/Plano de caja de terminales para el sensor de velocidad del eje SCHOTTEL - 001.pdf,Plano de caja de terminales para el sensor de velocidad del eje SCHOTTEL - 001,plano de caja de terminales para el sensor de velocidad del eje schottel 001,plano,false,,false,false,[243] - EJES
media/uploads/equipo_docs/GRUPO 200/[243] - EJES/[2431A] TUBO DE BOCINA (BR)/Plano de diseño del sistema de puesta a tierra del eje propulsor SCHOTTEL - 001.pdf,Plano de diseño del sistema de puesta a tierra del eje propulsor SCHOTTEL - 001,plano de diseno del sistema de puesta a tierra del eje propulsor schottel 001,plano,false,,false,false,[243] - EJES
"media/uploads/equipo_docs/GRUPO 200/[243] - EJES/[2431A] TUBO DE BOCINA (BR)/Plano de diseño, ensamblaje y materiales del sello delantero del tubo de bocina  KEMEL COMPANY -TYPE EVK2RV.pdf","Plano de diseño, ensamblaje y materiales del sello delantero del tubo de bocina  KEMEL COMPANY -TYPE EVK2RV",plano de diseno ensamblaje y materiales del sello delantero del tubo de bocina kemel company type evk2rv,plano,false,,false,false,[243] - EJES
"media/uploads/equipo_docs/GRUPO 200/[243] - EJES/[2431A] TUBO DE BOCINA (BR)/Plano de fabricación, instalación y soldadura del tubo de bocina 1263041 SCHOTTEL - 001.pdf","Plano de fabricación, instalación y soldadura del tubo de bocina 1263041 SCHOTTEL - 001",plano de fabricacion instalacion y soldadura del tubo de bocina 1263041 schottel 001,"manual,plano",false,,false,false,[243] - EJES
media/uploads/equipo_docs/GRUPO 200/[243] - EJES/[2431A] TUBO DE BOCINA (BR)/Plano de Instalacion de ejes.pdf,Plano de Instalacion de ejes,plano de instalacion de ejes,"manual,plano",false,,false,false,[243] - EJES
media/uploads/equipo_docs/GRUPO 200/[243] - EJES/[2431A] TUBO DE BOCINA (BR)/Plano del sello de mamparo de 200 mm ProfiSeal - 001.pdf,Plano del sello de mamparo de 200 mm ProfiSeal - 001,plano del sello de mamparo de 200 mm profiseal 001,plano,false,,false,false,[243] - EJES
media/uploads/equipo_docs/GRUPO 200/[243] - EJES/[2431A] TUBO DE BOCINA (BR)/Plano del sistema de puesta a tierra del eje propulsor SCHOTTEL - 001.pdf,Plano del sistema de puesta a tierra del eje propulsor SCHOTTEL - 001,plano del sistema de puesta a tierra del eje propulsor schottel 001,plano,false,,false,false,[243] - EJES
media/uploads/equipo_docs/GRUPO 200/[243] - EJES/[2431A] TUBO DE BOCINA (BR)/Plano tubo de bocina.pdf,Plano tubo de bocina,plano tubo de bocina,plano,false,,false,false,[243] - EJES
media/uploads/equipo_docs/GRUPO 200/[243] - EJES/[2431A] TUBO DE BOCINA (BR)/SCHOTTEL USER MANUAL.pdf,SCHOTTEL USER MANUAL,schottel user manual,manual,false,,false,false,[243] - EJES
media/uploads/equipo_docs/GRUPO 200/[244] - COJINETES/[24411] COJINETE DE PROA NRO. 1 (ER)/Manual de torque para tornillos SCHOTTEL.pdf,Manual de torque para tornillos SCHOTTEL,manual de torque para tornillos schottel,manual,false,,false,false,[244] - COJINETES
media/uploads/equipo_docs/GRUPO 200/[244] - COJINETES/[24411] COJINETE DE PROA NRO. 1 (ER)/Plano de Instalacion de ejes.pdf,Plano de Instalacion de ejes,plano de instalacion de ejes,"manual,plano",false,,false,false,[244] - COJINETES
media/uploads/equipo_docs/GRUPO 200/[244] - COJINETES/[24411] COJINETE DE PROA NRO. 1 (ER)/Plano preliminar del cojinete D261 de tubo de bocina delantero SCHOTTEL - 001.pdf,Plano preliminar del cojinete D261 de tubo de bocina delantero SCHOTTEL - 001,plano preliminar del cojinete d261 de tubo de bocina delantero schottel 001,plano,false,,false,false,[244] - COJINETES
media/uploads/equipo_docs/GRUPO 200/[244] - COJINETES/[24412] COJINETE DE PROA NRO. 2 (BR)/Manual de torque para tornillos SCHOTTEL.pdf,Manual de torque para tornillos SCHOTTEL,manual de torque para tornillos schottel,manual,false,,false,false,[244] - COJINETES
media/uploads/equipo_docs/GRUPO 200/[244] - COJINETES/[24412] COJINETE DE PROA NRO. 2 (BR)/Plano de Instalacion de ejes.pdf,Plano de Instalacion de ejes,plano de instalacion de ejes,"manual,plano",false,,false,false,[244] - COJINETES
media/uploads/equipo_docs/GRUPO 200/[244] - COJINETES/[24412] COJINETE DE PROA NRO. 2 (BR)/Plano preliminar del cojinete D261 de tubo de bocina delantero SCHOTTEL - 001.pdf,Plano preliminar del cojinete D261 de tubo de bocina delantero SCHOTTEL - 001,plano preliminar del cojinete d261 de tubo de bocina delantero schottel 001,plano,false,,false,false,[244] - COJINETES
media/uploads/equipo_docs/GRUPO 200/[244] - COJINETES/[24413] COJINETE INTERMEDIO WÄRTSILÄ LSB2-210-200-00. (ER)/Manual de instalacion cojinetes WARTSILA.pdf,Manual de instalacion cojinetes WARTSILA,manual de instalacion cojinetes wartsila,manual,false,,false,false,[244] - COJINETES
media/uploads/equipo_docs/GRUPO 200/[244] - COJINETES/[24413] COJINETE INTERMEDIO WÄRTSILÄ LSB2-210-200-00. (ER)/Manual de Instalacion y Operacion cojinetes tubo de bocina.pdf,Manual de Instalacion y Operacion cojinetes tubo de bocina,manual de instalacion y operacion cojinetes tubo de bocina,manual,false,,false,false,[244] - COJINETES
media/uploads/equipo_docs/GRUPO 200/[244] - COJINETES/[24413] COJINETE INTERMEDIO WÄRTSILÄ LSB2-210-200-00. (ER)/Plano de disposición general del cojinete intermedio autolubricado LSB2-210 WÄRTSILÄ - 001.pdf,Plano de disposición general del cojinete intermedio autolubricado LSB2-210 WÄRTSILÄ - 001,plano de disposicion general del cojinete intermedio autolubricado lsb2 210 wartsila 001,plano,false,,false,false,[244] - COJINETES
media/uploads/equipo_docs/GRUPO 200/[244] - COJINETES/[24413] COJINETE INTERMEDIO WÄRTSILÄ LSB2-210-200-00. (ER)/Plano de Instalacion de ejes.pdf,Plano de Instalacion de ejes,plano de instalacion de ejes,"manual,plano",false,,false,false,[244] - COJINETES
media/uploads/equipo_docs/GRUPO 200/[244] - COJINETES/[24414] COJINETE INTERMEDIO WÄRTSILÄ LSB2-210-200-00. (BR)/Manual de instalacion cojinetes WARTSILA.pdf,Manual de instalacion cojinetes WARTSILA,manual de instalacion cojinetes wartsila,manual,false,,false,false,[244] - COJINETES
media/uploads/equipo_docs/GRUPO 200/[244] - COJINETES/[24414] COJINETE INTERMEDIO WÄRTSILÄ LSB2-210-200-00. (BR)/Manual de Instalacion y Operacion cojinetes tubo de bocina.pdf,Manual de Instalacion y Operacion cojinetes tubo de bocina,manual de instalacion y operacion cojinetes tubo de bocina,manual,false,,false,false,[244] - COJINETES
media/uploads/equipo_docs/GRUPO 200/[244] - COJINETES/[24414] COJINETE INTERMEDIO WÄRTSILÄ LSB2-210-200-00. (BR)/Plano de disposición general del cojinete intermedio autolubricado LSB2-210 WÄRTSILÄ - 001.pdf,Plano de disposición general del cojinete intermedio autolubricado LSB2-210 WÄRTSILÄ - 001,plano de disposicion general del cojinete intermedio autolubricado lsb2 210 wartsila 001,plano,false,,false,false,[244] - COJINETES
media/uploads/equipo_docs/GRUPO 200/[244] - COJINETES/[24414] COJINETE INTERMEDIO WÄRTSILÄ LSB2-210-200-00. (BR)/Plano de Instalacion de ejes.pdf,Plano de Instalacion de ejes,plano de instalacion de ejes,"manual,plano",false,,false,false,[244] - COJINETES
media/uploads/equipo_docs/GRUPO 200/[244] - COJINETES/[24415] COJINETE DE ARBOTANTE NRO. 1 (ER)/Manual de torque para tornillos SCHOTTEL.pdf,Manual de torque para tornillos SCHOTTEL,manual de torque para tornillos schottel,manual,false,,false,false,[244] - COJINETES
media/uploads/equipo_docs/GRUPO 200/[244] - COJINETES/[24415] COJINETE DE ARBOTANTE NRO. 1 (ER)/Plano de Instalacion de ejes.pdf,Plano de Instalacion de ejes,plano de instalacion de ejes,"manual,plano",false,,false,false,[244] - COJINETES
media/uploads/equipo_docs/GRUPO 200/[244] - COJINETES/[24415] COJINETE DE ARBOTANTE NRO. 1 (ER)/Plano preliminar del cojinete D277 de soporte de eje posterior SCHOTTEL - 001.pdf,Plano preliminar del cojinete D277 de soporte de eje posterior SCHOTTEL - 001,plano preliminar del cojinete d277 de soporte de eje posterior schottel 001,plano,false,,false,false,[244] - COJINETES
media/uploads/equipo_docs/GRUPO 200/[244] - COJINETES/[24416] COJINETE DE ARBOTANTE NRO. 2 (BR)/Manual de torque para tornillos SCHOTTEL.pdf,Manual de torque para tornillos SCHOTTEL,manual de torque para tornillos schottel,manual,false,,false,false,[244] - COJINETES
media/uploads/equipo_docs/GRUPO 200/[244] - COJINETES/[24416] COJINETE DE ARBOTANTE NRO. 2 (BR)/Plano de Instalacion de ejes.pdf,Plano de Instalacion de ejes,plano de instalacion de ejes,"manual,plano",false,,false,false,[244] - COJINETES
media/uploads/equipo_docs/GRUPO 200/[244] - COJINETES/[24416] COJINETE DE ARBOTANTE NRO. 2 (BR)/Plano preliminar del cojinete D277 de soporte de eje posterior SCHOTTEL - 001.pdf,Plano preliminar del cojinete D277 de soporte de eje posterior SCHOTTEL - 001,plano preliminar del cojinete d277 de soporte de eje posterior schottel 001,plano,false,,false,false,[244] - COJINETES
media/uploads/equipo_docs/GRUPO 200/[244] - COJINETES/[2447] COJINTE DE POPA NRO. 1 (ER)/Manual de torque para tornillos SCHOTTEL.pdf,Manual de torque para tornillos SCHOTTEL,manual de torque para tornillos schottel,manual,false,,false,false,[244] - COJINETES
media/uploads/equipo_docs/GRUPO 200/[244] - COJINETES/[2447] COJINTE DE POPA NRO. 1 (ER)/Plano de Instalacion de ejes.pdf,Plano de Instalacion de ejes,plano de instalacion de ejes,"manual,plano",false,,false,false,[244] - COJINETES
media/uploads/equipo_docs/GRUPO 200/[244] - COJINETES/[2447] COJINTE DE POPA NRO. 1 (ER)/Plano preliminar del cojinete D264 de tubo de bocina trasero SCHOTTEL - 001.pdf,Plano preliminar del cojinete D264 de tubo de bocina trasero SCHOTTEL - 001,plano preliminar del cojinete d264 de tubo de bocina trasero schottel 001,plano,false,,false,false,[244] - COJINETES
media/uploads/equipo_docs/GRUPO 200/[244] - COJINETES/[2448] COJINTE DE POPA NRO. 2 (BR)/Manual de torque para tornillos SCHOTTEL.pdf,Manual de torque para tornillos SCHOTTEL,manual de torque para tornillos schottel,manual,false,,false,false,[244] - COJINETES
media/uploads/equipo_docs/GRUPO 200/[244] - COJINETES/[2448] COJINTE DE POPA NRO. 2 (BR)/Plano de Instalacion de ejes.pdf,Plano de Instalacion de ejes,plano de instalacion de ejes,"manual,plano",false,,false,false,[244] - COJINETES
media/uploads/equipo_docs/GRUPO 200/[244] - COJINETES/[2448] COJINTE DE POPA NRO. 2 (BR)/Plano preliminar del cojinete D277 de soporte de eje posterior SCHOTTEL - 001.pdf,Plano preliminar del cojinete D277 de soporte de eje posterior SCHOTTEL - 001,plano preliminar del cojinete d277 de soporte de eje posterior schottel 001,plano,false,,false,false,[244] - COJINETES
media/uploads/equipo_docs/GRUPO 200/[245] - HELICES/PANEL DE ARRANQUE BOMBA 1 CPP BR/Descripcion Interfaz IAS control de propulsion.pdf,Descripcion Interfaz IAS control de propulsion,descripcion interfaz ias control de propulsion,manual,false,,true,true,[245] - HELICES
media/uploads/equipo_docs/GRUPO 200/[245] - HELICES/PANEL DE ARRANQUE BOMBA 1 CPP BR/Diagramas electricos Panel de Arranque Bomba 1 CPP ER.pdf,Diagramas electricos Panel de Arranque Bomba 1 CPP ER,diagramas electricos panel de arranque bomba 1 cpp er,plano,false,,false,false,[245] - HELICES
media/uploads/equipo_docs/GRUPO 200/[245] - HELICES/PANEL DE ARRANQUE BOMBA 1 CPP BR/SCHOTTEL USER MANUAL.pdf,SCHOTTEL USER MANUAL,schottel user manual,manual,false,,false,false,[245] - HELICES
media/uploads/equipo_docs/GRUPO 200/[245] - HELICES/PANEL DE ARRANQUE BOMBA 1 CPP ER/Descripcion Interfaz IAS control de propulsion.pdf,Descripcion Interfaz IAS control de propulsion,descripcion interfaz ias control de propulsion,manual,false,,true,true,[245] - HELICES
media/uploads/equipo_docs/GRUPO 200/[245] - HELICES/PANEL DE ARRANQUE BOMBA 1 CPP ER/Diagramas electricos Panel de Arranque Bomba 1 CPP ER.pdf,Diagramas electricos Panel de Arranque Bomba 1 CPP ER,diagramas electricos panel de arranque bomba 1 cpp er,plano,false,,false,false,[245] - HELICES
media/uploads/equipo_docs/GRUPO 200/[245] - HELICES/PANEL DE ARRANQUE BOMBA 1 CPP ER/SCHOTTEL USER MANUAL.pdf,SCHOTTEL USER MANUAL,schottel user manual,manual,false,,false,false,[245] - HELICES
media/uploads/equipo_docs/GRUPO 200/[245] - HELICES/PANEL DE ARRANQUE BOMBA 2 CPP BR/Descripcion Interfaz IAS control de propulsion.pdf,Descripcion Interfaz IAS control de propulsion,descripcion interfaz ias control de propulsion,manual,false,,true,true,[245] - HELICES
media/uploads/equipo_docs/GRUPO 200/[245] - HELICES/PANEL DE ARRANQUE BOMBA 2 CPP BR/Diagramas electricos Dispositivo de bloqueo del freno de giro del eje.pdf,Diagramas electricos Dispositivo de bloqueo del freno de giro del eje,diagramas electricos dispositivo de bloqueo del freno de giro del eje,plano,false,,false,false,[245] - HELICES
media/uploads/equipo_docs/GRUPO 200/[245] - HELICES/PANEL DE ARRANQUE BOMBA 2 CPP BR/SCHOTTEL USER MANUAL.pdf,SCHOTTEL USER MANUAL,schottel user manual,manual,false,,false,false,[245] - HELICES
media/uploads/equipo_docs/GRUPO 200/[245] - HELICES/PANEL DE ARRANQUE BOMBA 2 CPP ER/Descripcion Interfaz IAS control de propulsion.pdf,Descripcion Interfaz IAS control de propulsion,descripcion interfaz ias control de propulsion,manual,false,,true,true,[245] - HELICES
media/uploads/equipo_docs/GRUPO 200/[245] - HELICES/PANEL DE ARRANQUE BOMBA 2 CPP ER/Diagramas electricos Panel de Arranque Bomba 2 CPP ER.pdf,Diagramas electricos Panel de Arranque Bomba 2 CPP ER,diagramas electricos panel de arranque bomba 2 cpp er,plano,false,,false,false,[245] - HELICES
media/uploads/equipo_docs/GRUPO 200/[245] - HELICES/PANEL DE ARRANQUE BOMBA 2 CPP ER/SCHOTTEL USER MANUAL.pdf,SCHOTTEL USER MANUAL,schottel user manual,manual,false,,false,false,[245] - HELICES
media/uploads/equipo_docs/GRUPO 200/[245] - HELICES/[24511] HELICE NRO. 1 (ER)/035.002.010_101547556_001_00_Calculation of whirling and axial vibration 1.pdf,035.002.010_101547556_001_00_Calculation of whirling and axial vibration 1,035 002 010 101547556 001 00 calculation of whirling and axial vibration 1,manual,false,,true,true,[245] - HELICES
media/uploads/equipo_docs/GRUPO 200/[245] - HELICES/[24511] HELICE NRO. 1 (ER)/11.71024-1002_ES.pdf,11.71024-1002_ES,11 71024 1002 es,manual,false,,true,true,[245] - HELICES
media/uploads/equipo_docs/GRUPO 200/[245] - HELICES/[24511] HELICE NRO. 1 (ER)/Manual de usuario propela SCHOTTEL - 001- Cojinetes.pdf,Manual de usuario propela SCHOTTEL - 001- Cojinetes,manual de usuario propela schottel 001 cojinetes,manual,false,,false,false,[245] - HELICES
media/uploads/equipo_docs/GRUPO 200/[245] - HELICES/[24511] HELICE NRO. 1 (ER)/Manual técnico de montaje y desmontaje de palas de hélice de paso controlable SCHOTTEL - 001.pdf,Manual técnico de montaje y desmontaje de palas de hélice de paso controlable SCHOTTEL - 001,manual tecnico de montaje y desmontaje de palas de helice de paso controlable schottel 001,manual,false,,false,false,[245] - HELICES
media/uploads/equipo_docs/GRUPO 200/[245] - HELICES/[24511] HELICE NRO. 1 (ER)/Memoria de cálculo y justificación técnica del diseño hidrodinámico del propulsor de paso controlable SCHOTTEL - 001.pdf,Memoria de cálculo y justificación técnica del diseño hidrodinámico del propulsor de paso controlable SCHOTTEL - 001,memoria de calculo y justificacion tecnica del diseno hidrodinamico del propulsor de paso controlable schottel 001,manual,false,,true,true,[245] - HELICES
media/uploads/equipo_docs/GRUPO 200/[245] - HELICES/[24511] HELICE NRO. 1 (ER)/Plano de fabricación e instalación del tanque gravitacional de aceite para sistema de hélice de paso variable SCHOTTEL - 001.pdf,Plano de fabricación e instalación del tanque gravitacional de aceite para sistema de hélice de paso variable SCHOTTEL - 001,plano de fabricacion e instalacion del tanque gravitacional de aceite para sistema de helice de paso variable schottel 001,"manual,plano",false,,false,false,[245] - HELICES
media/uploads/equipo_docs/GRUPO 200/[245] - HELICES/[24511] HELICE NRO. 1 (ER)/SCHOTTEL USER MANUAL.pdf,SCHOTTEL USER MANUAL,schottel user manual,manual,false,,false,false,[245] - HELICES
media/uploads/equipo_docs/GRUPO 200/[245] - HELICES/[24512] HELICE NRO. 2 (BR)/035.002.010_101547556_001_00_Calculation of whirling and axial vibration 1.pdf,035.002.010_101547556_001_00_Calculation of whirling and axial vibration 1,035 002 010 101547556 001 00 calculation of whirling and axial vibration 1,manual,false,,true,true,[245] - HELICES
media/uploads/equipo_docs/GRUPO 200/[245] - HELICES/[24512] HELICE NRO. 2 (BR)/Manual de usuario propela SCHOTTEL - 001- Cojinetes.pdf,Manual de usuario propela SCHOTTEL - 001- Cojinetes,manual de usuario propela schottel 001 cojinetes,manual,false,,false,false,[245] - HELICES
media/uploads/equipo_docs/GRUPO 200/[245] - HELICES/[24512] HELICE NRO. 2 (BR)/Manual técnico de montaje y desmontaje de palas de hélice de paso controlable SCHOTTEL - 001.pdf,Manual técnico de montaje y desmontaje de palas de hélice de paso controlable SCHOTTEL - 001,manual tecnico de montaje y desmontaje de palas de helice de paso controlable schottel 001,manual,false,,false,false,[245] - HELICES
media/uploads/equipo_docs/GRUPO 200/[245] - HELICES/[24512] HELICE NRO. 2 (BR)/Memoria de cálculo y justificación técnica del diseño hidrodinámico del propulsor de paso controlable SCHOTTEL - 001.pdf,Memoria de cálculo y justificación técnica del diseño hidrodinámico del propulsor de paso controlable SCHOTTEL - 001,memoria de calculo y justificacion tecnica del diseno hidrodinamico del propulsor de paso controlable schottel 001,manual,false,,true,true,[245] - HELICES
media/uploads/equipo_docs/GRUPO 200/[245] - HELICES/[24512] HELICE NRO. 2 (BR)/Plano de fabricación e instalación del tanque gravitacional de aceite para sistema de hélice de paso variable SCHOTTEL - 001.pdf,Plano de fabricación e instalación del tanque gravitacional de aceite para sistema de hélice de paso variable SCHOTTEL - 001,plano de fabricacion e instalacion del tanque gravitacional de aceite para sistema de helice de paso variable schottel 001,"manual,plano",false,,false,false,[245] - HELICES
media/uploads/equipo_docs/GRUPO 200/[245] - HELICES/[24512] HELICE NRO. 2 (BR)/SCHOTTEL USER MANUAL.pdf,SCHOTTEL USER MANUAL,schottel user manual,manual,false,,false,false,[245] - HELICES
media/uploads/equipo_docs/GRUPO 200/[245] - HELICES/[24513] POWER PACK HIDRAULICO CPP NRO. 1 (ER)/Datasheet filtro de aceite power pack.pdf,Datasheet filtro de aceite power pack,datasheet filtro de aceite power pack,datasheet,false,,false,false,[245] - HELICES
media/uploads/equipo_docs/GRUPO 200/[245] - HELICES/[24513] POWER PACK HIDRAULICO CPP NRO. 1 (ER)/Diagramas electricos Panel de Arranque Bomba 2 CPP ER.pdf,Diagramas electricos Panel de Arranque Bomba 2 CPP ER,diagramas electricos panel de arranque bomba 2 cpp er,plano,false,,false,false,[245] - HELICES
media/uploads/equipo_docs/GRUPO 200/[245] - HELICES/[24513] POWER PACK HIDRAULICO CPP NRO. 1 (ER)/Plano mecánico de la unidad de potencia hidráulica del sistema de propulsión SCHOTTEL - 001.pdf,Plano mecánico de la unidad de potencia hidráulica del sistema de propulsión SCHOTTEL - 001,plano mecanico de la unidad de potencia hidraulica del sistema de propulsion schottel 001,plano,false,,false,false,[245] - HELICES
media/uploads/equipo_docs/GRUPO 200/[245] - HELICES/[24513] POWER PACK HIDRAULICO CPP NRO. 1 (ER)/Plano técnico de dimensiones generales y disposición externa del sistema de propulsión SCHOTTEL - 001.pdf,Plano técnico de dimensiones generales y disposición externa del sistema de propulsión SCHOTTEL - 001,plano tecnico de dimensiones generales y disposicion externa del sistema de propulsion schottel 001,plano,false,,false,false,[245] - HELICES
media/uploads/equipo_docs/GRUPO 200/[245] - HELICES/[24513] POWER PACK HIDRAULICO CPP NRO. 1 (ER)/Planos Power Pack Hidraulico.pdf,Planos Power Pack Hidraulico,planos power pack hidraulico,plano,false,,false,false,[245] - HELICES
media/uploads/equipo_docs/GRUPO 200/[245] - HELICES/[24513] POWER PACK HIDRAULICO CPP NRO. 1 (ER)/SCHOTTEL USER MANUAL.pdf,SCHOTTEL USER MANUAL,schottel user manual,manual,false,,false,false,[245] - HELICES
media/uploads/equipo_docs/GRUPO 200/[245] - HELICES/[24514] POWER PACK HIDRAULICO CPP NRO. 2 (BR)/Datasheet filtro de aceite power pack.pdf,Datasheet filtro de aceite power pack,datasheet filtro de aceite power pack,datasheet,false,,false,false,[245] - HELICES
media/uploads/equipo_docs/GRUPO 200/[245] - HELICES/[24514] POWER PACK HIDRAULICO CPP NRO. 2 (BR)/Diagramas electricos Panel de Arranque Bomba 2 CPP ER.pdf,Diagramas electricos Panel de Arranque Bomba 2 CPP ER,diagramas electricos panel de arranque bomba 2 cpp er,plano,false,,false,false,[245] - HELICES
media/uploads/equipo_docs/GRUPO 200/[245] - HELICES/[24514] POWER PACK HIDRAULICO CPP NRO. 2 (BR)/Plano mecánico de la unidad de potencia hidráulica del sistema de propulsión SCHOTTEL - 001.pdf,Plano mecánico de la unidad de potencia hidráulica del sistema de propulsión SCHOTTEL - 001,plano mecanico de la unidad de potencia hidraulica del sistema de propulsion schottel 001,plano,false,,false,false,[245] - HELICES
media/uploads/equipo_docs/GRUPO 200/[245] - HELICES/[24514] POWER PACK HIDRAULICO CPP NRO. 2 (BR)/Plano técnico de dimensiones generales y disposición externa del sistema de propulsión SCHOTTEL - 001.pdf,Plano técnico de dimensiones generales y disposición externa del sistema de propulsión SCHOTTEL - 001,plano tecnico de dimensiones generales y disposicion externa del sistema de propulsion schottel 001,plano,false,,false,false,[245] - HELICES
media/uploads/equipo_docs/GRUPO 200/[245] - HELICES/[24514] POWER PACK HIDRAULICO CPP NRO. 2 (BR)/Planos Power Pack Hidraulico.pdf,Planos Power Pack Hidraulico,planos power pack hidraulico,plano,false,,false,false,[245] - HELICES
media/uploads/equipo_docs/GRUPO 200/[245] - HELICES/[24514] POWER PACK HIDRAULICO CPP NRO. 2 (BR)/SCHOTTEL USER MANUAL.pdf,SCHOTTEL USER MANUAL,schottel user manual,manual,false,,false,false,[245] - HELICES
media/uploads/equipo_docs/GRUPO 200/[252] - SISTEMA CONTROL Y MONITOREO PROPUSLION/[25211] PANEL LOCAL MOTOR NRO. 1 (ER) - LOP/Descripcion Interfaz IAS control de propulsion.pdf,Descripcion Interfaz IAS control de propulsion,descripcion interfaz ias control de propulsion,manual,false,,true,true,[252] - SISTEMA CONTROL Y MONITOREO PROPUSLION
media/uploads/equipo_docs/GRUPO 200/[252] - SISTEMA CONTROL Y MONITOREO PROPUSLION/[25211] PANEL LOCAL MOTOR NRO. 1 (ER) - LOP/Diagramas electricos Paneles de Control de Propulsion.pdf,Diagramas electricos Paneles de Control de Propulsion,diagramas electricos paneles de control de propulsion,plano,false,,false,false,[252] - SISTEMA CONTROL Y MONITOREO PROPUSLION
media/uploads/equipo_docs/GRUPO 200/[252] - SISTEMA CONTROL Y MONITOREO PROPUSLION/[25211] PANEL LOCAL MOTOR NRO. 1 (ER) - LOP/Hoja técnica de consumidores eléctricos MAN - 001.pdf,Hoja técnica de consumidores eléctricos MAN - 001,hoja tecnica de consumidores electricos man 001,datasheet,false,,false,false,[252] - SISTEMA CONTROL Y MONITOREO PROPUSLION
media/uploads/equipo_docs/GRUPO 200/[252] - SISTEMA CONTROL Y MONITOREO PROPUSLION/[25211] PANEL LOCAL MOTOR NRO. 1 (ER) - LOP/Hoja técnica de listado general de equipos de automatización por MAN - 001.pdf,Hoja técnica de listado general de equipos de automatización por MAN - 001,hoja tecnica de listado general de equipos de automatizacion por man 001,datasheet,true,"manual_herramientas,manual_partes",false,false,[252] - SISTEMA CONTROL Y MONITOREO PROPUSLION
media/uploads/equipo_docs/GRUPO 200/[252] - SISTEMA CONTROL Y MONITOREO PROPUSLION/[25211] PANEL LOCAL MOTOR NRO. 1 (ER) - LOP/Informe técnico de configuración de proyecto MAN - 001.pdf,Informe técnico de configuración de proyecto MAN - 001,informe tecnico de configuracion de proyecto man 001,manual,false,,true,true,[252] - SISTEMA CONTROL Y MONITOREO PROPUSLION
media/uploads/equipo_docs/GRUPO 200/[252] - SISTEMA CONTROL Y MONITOREO PROPUSLION/[25211] PANEL LOCAL MOTOR NRO. 1 (ER) - LOP/Lista técnica de cables del sistema de automatización SaCoS MAN - 001.pdf,Lista técnica de cables del sistema de automatización SaCoS MAN - 001,lista tecnica de cables del sistema de automatizacion sacos man 001,,true,"manual_herramientas,manual_partes",false,false,[252] - SISTEMA CONTROL Y MONITOREO PROPUSLION
"media/uploads/equipo_docs/GRUPO 200/[252] - SISTEMA CONTROL Y MONITOREO PROPUSLION/[25211] PANEL LOCAL MOTOR NRO. 1 (ER) - LOP/Manual de señales, alertas y solución de averías del sistema de control SaCoS One MAN 12V175D - 001.pdf","Manual de señales, alertas y solución de averías del sistema de control SaCoS One MAN 12V175D - 001",manual de senales alertas y solucion de averias del sistema de control sacos one man 12v175d 001,manual,false,,false,false,[252] - SISTEMA CONTROL Y MONITOREO PROPUSLION
media/uploads/equipo_docs/GRUPO 200/[252] - SISTEMA CONTROL Y MONITOREO PROPUSLION/[25211] PANEL LOCAL MOTOR NRO. 1 (ER) - LOP/Plano eléctrico del panel de operación local para el sistema de control del motor MAN - 001.pdf,Plano eléctrico del panel de operación local para el sistema de control del motor MAN - 001,plano electrico del panel de operacion local para el sistema de control del motor man 001,plano,false,,false,false,[252] - SISTEMA CONTROL Y MONITOREO PROPUSLION
media/uploads/equipo_docs/GRUPO 200/[252] - SISTEMA CONTROL Y MONITOREO PROPUSLION/[25212] PANEL LOCAL MOTOR NRO. 2 (BR) - LOP/Descripcion Interfaz IAS control de propulsion.pdf,Descripcion Interfaz IAS control de propulsion,descripcion interfaz ias control de propulsion,manual,false,,true,true,[252] - SISTEMA CONTROL Y MONITOREO PROPUSLION
media/uploads/equipo_docs/GRUPO 200/[252] - SISTEMA CONTROL Y MONITOREO PROPUSLION/[25212] PANEL LOCAL MOTOR NRO. 2 (BR) - LOP/Diagramas electricos Paneles de Control de Propulsion.pdf,Diagramas electricos Paneles de Control de Propulsion,diagramas electricos paneles de control de propulsion,plano,false,,false,false,[252] - SISTEMA CONTROL Y MONITOREO PROPUSLION
media/uploads/equipo_docs/GRUPO 200/[252] - SISTEMA CONTROL Y MONITOREO PROPUSLION/[25212] PANEL LOCAL MOTOR NRO. 2 (BR) - LOP/Hoja técnica de consumidores eléctricos MAN - 001.pdf,Hoja técnica de consumidores eléctricos MAN - 001,hoja tecnica de consumidores electricos man 001,datasheet,false,,false,false,[252] - SISTEMA CONTROL Y MONITOREO PROPUSLION
media/uploads/equipo_docs/GRUPO 200/[252] - SISTEMA CONTROL Y MONITOREO PROPUSLION/[25212] PANEL LOCAL MOTOR NRO. 2 (BR) - LOP/Hoja técnica de listado general de equipos de automatización por MAN - 001.pdf,Hoja técnica de listado general de equipos de automatización por MAN - 001,hoja tecnica de listado general de equipos de automatizacion por man 001,datasheet,true,"manual_herramientas,manual_partes",false,false,[252] - SISTEMA CONTROL Y MONITOREO PROPUSLION
media/uploads/equipo_docs/GRUPO 200/[252] - SISTEMA CONTROL Y MONITOREO PROPUSLION/[25212] PANEL LOCAL MOTOR NRO. 2 (BR) - LOP/Informe técnico de configuración de proyecto MAN - 001.pdf,Informe técnico de configuración de proyecto MAN - 001,informe tecnico de configuracion de proyecto man 001,manual,false,,true,true,[252] - SISTEMA CONTROL Y MONITOREO PROPUSLION
media/uploads/equipo_docs/GRUPO 200/[252] - SISTEMA CONTROL Y MONITOREO PROPUSLION/[25212] PANEL LOCAL MOTOR NRO. 2 (BR) - LOP/Lista técnica de cables del sistema de automatización SaCoS MAN - 001.pdf,Lista técnica de cables del sistema de automatización SaCoS MAN - 001,lista tecnica de cables del sistema de automatizacion sacos man 001,,true,"manual_herramientas,manual_partes",false,false,[252] - SISTEMA CONTROL Y MONITOREO PROPUSLION
"media/uploads/equipo_docs/GRUPO 200/[252] - SISTEMA CONTROL Y MONITOREO PROPUSLION/[25212] PANEL LOCAL MOTOR NRO. 2 (BR) - LOP/Manual de señales, alertas y solución de averías del sistema de control SaCoS One MAN 12V175D - 001.pdf","Manual de señales, alertas y solución de averías del sistema de control SaCoS One MAN 12V175D - 001",manual de senales alertas y solucion de averias del sistema de control sacos one man 12v175d 001,manual,false,,false,false,[252] - SISTEMA CONTROL Y MONITOREO PROPUSLION
media/uploads/equipo_docs/GRUPO 200/[252] - SISTEMA CONTROL Y MONITOREO PROPUSLION/[25212] PANEL LOCAL MOTOR NRO. 2 (BR) - LOP/Plano eléctrico del panel de operación local para el sistema de control del motor MAN - 001.pdf,Plano eléctrico del panel de operación local para el sistema de control del motor MAN - 001,plano electrico del panel de operacion local para el sistema de control del motor man 001,plano,false,,false,false,[252] - SISTEMA CONTROL Y MONITOREO PROPUSLION
media/uploads/equipo_docs/GRUPO 200/[252] - SISTEMA CONTROL Y MONITOREO PROPUSLION/[25213] PANEL REMOTO ROP NRO. 1 (ER) - ROP/Descripcion Interfaz IAS control de propulsion.pdf,Descripcion Interfaz IAS control de propulsion,descripcion interfaz ias control de propulsion,manual,false,,true,true,[252] - SISTEMA CONTROL Y MONITOREO PROPUSLION
media/uploads/equipo_docs/GRUPO 200/[252] - SISTEMA CONTROL Y MONITOREO PROPUSLION/[25213] PANEL REMOTO ROP NRO. 1 (ER) - ROP/Diagramas electricos Paneles de Control de Propulsion.pdf,Diagramas electricos Paneles de Control de Propulsion,diagramas electricos paneles de control de propulsion,plano,false,,false,false,[252] - SISTEMA CONTROL Y MONITOREO PROPUSLION
media/uploads/equipo_docs/GRUPO 200/[252] - SISTEMA CONTROL Y MONITOREO PROPUSLION/[25213] PANEL REMOTO ROP NRO. 1 (ER) - ROP/Hoja técnica de consumidores eléctricos MAN - 001.pdf,Hoja técnica de consumidores eléctricos MAN - 001,hoja tecnica de consumidores electricos man 001,datasheet,false,,false,false,[252] - SISTEMA CONTROL Y MONITOREO PROPUSLION
media/uploads/equipo_docs/GRUPO 200/[252] - SISTEMA CONTROL Y MONITOREO PROPUSLION/[25213] PANEL REMOTO ROP NRO. 1 (ER) - ROP/Hoja técnica de listado general de equipos de automatización por MAN - 001.pdf,Hoja técnica de listado general de equipos de automatización por MAN - 001,hoja tecnica de listado general de equipos de automatizacion por man 001,datasheet,true,"manual_herramientas,manual_partes",false,false,[252] - SISTEMA CONTROL Y MONITOREO PROPUSLION
media/uploads/equipo_docs/GRUPO 200/[252] - SISTEMA CONTROL Y MONITOREO PROPUSLION/[25213] PANEL REMOTO ROP NRO. 1 (ER) - ROP/Informe técnico de configuración de proyecto MAN - 001.pdf,Informe técnico de configuración de proyecto MAN - 001,informe tecnico de configuracion de proyecto man 001,manual,false,,true,true,[252] - SISTEMA CONTROL Y MONITOREO PROPUSLION
media/uploads/equipo_docs/GRUPO 200/[252] - SISTEMA CONTROL Y MONITOREO PROPUSLION/[25213] PANEL REMOTO ROP NRO. 1 (ER) - ROP/Lista técnica de cables del sistema de automatización SaCoS MAN - 001.pdf,Lista técnica de cables del sistema de automatización SaCoS MAN - 001,lista tecnica de cables del sistema de automatizacion sacos man 001,,true,"manual_herramientas,manual_partes",false,false,[252] - SISTEMA CONTROL Y MONITOREO PROPUSLION
"media/uploads/equipo_docs/GRUPO 200/[252] - SISTEMA CONTROL Y MONITOREO PROPUSLION/[25213] PANEL REMOTO ROP NRO. 1 (ER) - ROP/Manual de señales, alertas y solución de averías del sistema de control SaCoS One MAN 12V175D - 001.pdf","Manual de señales, alertas y solución de averías del sistema de control SaCoS One MAN 12V175D - 001",manual de senales alertas y solucion de averias del sistema de control sacos one man 12v175d 001,manual,false,,false,false,[252] - SISTEMA CONTROL Y MONITOREO PROPUSLION
media/uploads/equipo_docs/GRUPO 200/[252] - SISTEMA CONTROL Y MONITOREO PROPUSLION/[25213] PANEL REMOTO ROP NRO. 1 (ER) - ROP/Plano eléctrico del panel de operación remota del motor MAN 12V175D - 001.pdf,Plano eléctrico del panel de operación remota del motor MAN 12V175D - 001,plano electrico del panel de operacion remota del motor man 12v175d 001,plano,false,,false,false,[252] - SISTEMA CONTROL Y MONITOREO PROPUSLION
media/uploads/equipo_docs/GRUPO 200/[252] - SISTEMA CONTROL Y MONITOREO PROPUSLION/[25214] PANEL REMOTO ROP NRO. 2 (BR) - ROP/Descripcion Interfaz IAS control de propulsion.pdf,Descripcion Interfaz IAS control de propulsion,descripcion interfaz ias control de propulsion,manual,false,,true,true,[252] - SISTEMA CONTROL Y MONITOREO PROPUSLION
media/uploads/equipo_docs/GRUPO 200/[252] - SISTEMA CONTROL Y MONITOREO PROPUSLION/[25214] PANEL REMOTO ROP NRO. 2 (BR) - ROP/Diagramas electricos Paneles de Control de Propulsion.pdf,Diagramas electricos Paneles de Control de Propulsion,diagramas electricos paneles de control de propulsion,plano,false,,false,false,[252] - SISTEMA CONTROL Y MONITOREO PROPUSLION
media/uploads/equipo_docs/GRUPO 200/[252] - SISTEMA CONTROL Y MONITOREO PROPUSLION/[25214] PANEL REMOTO ROP NRO. 2 (BR) - ROP/Hoja técnica de consumidores eléctricos MAN - 001.pdf,Hoja técnica de consumidores eléctricos MAN - 001,hoja tecnica de consumidores electricos man 001,datasheet,false,,false,false,[252] - SISTEMA CONTROL Y MONITOREO PROPUSLION
media/uploads/equipo_docs/GRUPO 200/[252] - SISTEMA CONTROL Y MONITOREO PROPUSLION/[25214] PANEL REMOTO ROP NRO. 2 (BR) - ROP/Hoja técnica de listado general de equipos de automatización por MAN - 001.pdf,Hoja técnica de listado general de equipos de automatización por MAN - 001,hoja tecnica de listado general de equipos de automatizacion por man 001,datasheet,true,"manual_herramientas,manual_partes",false,false,[252] - SISTEMA CONTROL Y MONITOREO PROPUSLION
media/uploads/equipo_docs/GRUPO 200/[252] - SISTEMA CONTROL Y MONITOREO PROPUSLION/[25214] PANEL REMOTO ROP NRO. 2 (BR) - ROP/Informe técnico de configuración de proyecto MAN - 001.pdf,Informe técnico de configuración de proyecto MAN - 001,informe tecnico de configuracion de proyecto man 001,manual,false,,true,true,[252] - SISTEMA CONTROL Y MONITOREO PROPUSLION
media/uploads/equipo_docs/GRUPO 200/[252] - SISTEMA CONTROL Y MONITOREO PROPUSLION/[25214] PANEL REMOTO ROP NRO. 2 (BR) - ROP/Lista técnica de cables del sistema de automatización SaCoS MAN - 001.pdf,Lista técnica de cables del sistema de automatización SaCoS MAN - 001,lista tecnica de cables del sistema de automatizacion sacos man 001,,true,"manual_herramientas,manual_partes",false,false,[252] - SISTEMA CONTROL Y MONITOREO PROPUSLION
"media/uploads/equipo_docs/GRUPO 200/[252] - SISTEMA CONTROL Y MONITOREO PROPUSLION/[25214] PANEL REMOTO ROP NRO. 2 (BR) - ROP/Manual de señales, alertas y solución de averías del sistema de control SaCoS One MAN 12V175D - 001.pdf","Manual de señales, alertas y solución de averías del sistema de control SaCoS One MAN 12V175D - 001",manual de senales alertas y solucion de averias del sistema de control sacos one man 12v175d 001,manual,false,,false,false,[252] - SISTEMA CONTROL Y MONITOREO PROPUSLION
media/uploads/equipo_docs/GRUPO 200/[252] - SISTEMA CONTROL Y MONITOREO PROPUSLION/[25214] PANEL REMOTO ROP NRO. 2 (BR) - ROP/Plano eléctrico del panel de operación remota del motor MAN 12V175D - 001.pdf,Plano eléctrico del panel de operación remota del motor MAN 12V175D - 001,plano electrico del panel de operacion remota del motor man 12v175d 001,plano,false,,false,false,[252] - SISTEMA CONTROL Y MONITOREO PROPUSLION
media/uploads/equipo_docs/GRUPO 200/[252] - SISTEMA CONTROL Y MONITOREO PROPUSLION/[25215] VISUALIZACION REMOTA NRO. 1 (ER) - EIP/Hoja técnica de señales de supervisión e interfaz.pdf,Hoja técnica de señales de supervisión e interfaz,hoja tecnica de senales de supervision e interfaz,datasheet,false,,false,false,[252] - SISTEMA CONTROL Y MONITOREO PROPUSLION
media/uploads/equipo_docs/GRUPO 200/[252] - SISTEMA CONTROL Y MONITOREO PROPUSLION/[25215] VISUALIZACION REMOTA NRO. 1 (ER) - EIP/Manual técnico de sistema SaCoSSaCoS ERA y el sistema de alarmas de maquinaria (automatización) MAN - 001.pdf,Manual técnico de sistema SaCoSSaCoS ERA y el sistema de alarmas de maquinaria (automatización) MAN - 001,manual tecnico de sistema sacossacos era y el sistema de alarmas de maquinaria automatizacion man 001,manual,false,,false,false,[252] - SISTEMA CONTROL Y MONITOREO PROPUSLION
media/uploads/equipo_docs/GRUPO 200/[252] - SISTEMA CONTROL Y MONITOREO PROPUSLION/[25215] VISUALIZACION REMOTA NRO. 1 (ER) - EIP/Plano de montaje y conexión del panel de indicación externa del motor MAN 12V175D - 001.pdf,Plano de montaje y conexión del panel de indicación externa del motor MAN 12V175D - 001,plano de montaje y conexion del panel de indicacion externa del motor man 12v175d 001,plano,false,,false,false,[252] - SISTEMA CONTROL Y MONITOREO PROPUSLION
media/uploads/equipo_docs/GRUPO 200/[252] - SISTEMA CONTROL Y MONITOREO PROPUSLION/[25216] VISUALIZACION REMOTA NRO. 2 (BR) - EIP/Hoja técnica de señales de supervisión e interfaz.pdf,Hoja técnica de señales de supervisión e interfaz,hoja tecnica de senales de supervision e interfaz,datasheet,false,,false,false,[252] - SISTEMA CONTROL Y MONITOREO PROPUSLION
media/uploads/equipo_docs/GRUPO 200/[252] - SISTEMA CONTROL Y MONITOREO PROPUSLION/[25216] VISUALIZACION REMOTA NRO. 2 (BR) - EIP/Manual técnico de sistema SaCoSSaCoS ERA y el sistema de alarmas de maquinaria (automatización) MAN - 001.pdf,Manual técnico de sistema SaCoSSaCoS ERA y el sistema de alarmas de maquinaria (automatización) MAN - 001,manual tecnico de sistema sacossacos era y el sistema de alarmas de maquinaria automatizacion man 001,manual,false,,false,false,[252] - SISTEMA CONTROL Y MONITOREO PROPUSLION
media/uploads/equipo_docs/GRUPO 200/[252] - SISTEMA CONTROL Y MONITOREO PROPUSLION/[25216] VISUALIZACION REMOTA NRO. 2 (BR) - EIP/Plano de montaje y conexión del panel de indicación externa del motor MAN 12V175D - 001.pdf,Plano de montaje y conexión del panel de indicación externa del motor MAN 12V175D - 001,plano de montaje y conexion del panel de indicacion externa del motor man 12v175d 001,plano,false,,false,false,[252] - SISTEMA CONTROL Y MONITOREO PROPUSLION
media/uploads/equipo_docs/GRUPO 200/[252] - SISTEMA CONTROL Y MONITOREO PROPUSLION/[25217] CONTROL DE PROPULSION NRO. 1  (ECR)/Control de Propulsion Sistema de hélice de paso variable.pdf,Control de Propulsion Sistema de hélice de paso variable,control de propulsion sistema de helice de paso variable,manual,false,,true,true,[252] - SISTEMA CONTROL Y MONITOREO PROPUSLION
media/uploads/equipo_docs/GRUPO 200/[252] - SISTEMA CONTROL Y MONITOREO PROPUSLION/[25217] CONTROL DE PROPULSION NRO. 1  (ECR)/Descripcion Interfaz IAS control de propulsion.pdf,Descripcion Interfaz IAS control de propulsion,descripcion interfaz ias control de propulsion,manual,false,,true,true,[252] - SISTEMA CONTROL Y MONITOREO PROPUSLION
media/uploads/equipo_docs/GRUPO 200/[252] - SISTEMA CONTROL Y MONITOREO PROPUSLION/[25217] CONTROL DE PROPULSION NRO. 1  (ECR)/Diagrama unifilar del tren de propulsión de babor MAN 12V175D - 001.pdf,Diagrama unifilar del tren de propulsión de babor MAN 12V175D - 001,diagrama unifilar del tren de propulsion de babor man 12v175d 001,plano,false,,false,false,[252] - SISTEMA CONTROL Y MONITOREO PROPUSLION
media/uploads/equipo_docs/GRUPO 200/[252] - SISTEMA CONTROL Y MONITOREO PROPUSLION/[25217] CONTROL DE PROPULSION NRO. 1  (ECR)/Hoja técnica de consumidores eléctricos MAN - 001.pdf,Hoja técnica de consumidores eléctricos MAN - 001,hoja tecnica de consumidores electricos man 001,datasheet,false,,false,false,[252] - SISTEMA CONTROL Y MONITOREO PROPUSLION
media/uploads/equipo_docs/GRUPO 200/[252] - SISTEMA CONTROL Y MONITOREO PROPUSLION/[25217] CONTROL DE PROPULSION NRO. 1  (ECR)/Hoja técnica de listado general de equipos de automatización por MAN - 001.pdf,Hoja técnica de listado general de equipos de automatización por MAN - 001,hoja tecnica de listado general de equipos de automatizacion por man 001,datasheet,true,"manual_herramientas,manual_partes",false,false,[252] - SISTEMA CONTROL Y MONITOREO PROPUSLION
media/uploads/equipo_docs/GRUPO 200/[252] - SISTEMA CONTROL Y MONITOREO PROPUSLION/[25217] CONTROL DE PROPULSION NRO. 1  (ECR)/Hoja técnica de señales de supervisión e interfaz.pdf,Hoja técnica de señales de supervisión e interfaz,hoja tecnica de senales de supervision e interfaz,datasheet,false,,false,false,[252] - SISTEMA CONTROL Y MONITOREO PROPUSLION
media/uploads/equipo_docs/GRUPO 200/[252] - SISTEMA CONTROL Y MONITOREO PROPUSLION/[25217] CONTROL DE PROPULSION NRO. 1  (ECR)/Informe técnico de configuración de proyecto MAN - 001.pdf,Informe técnico de configuración de proyecto MAN - 001,informe tecnico de configuracion de proyecto man 001,manual,false,,true,true,[252] - SISTEMA CONTROL Y MONITOREO PROPUSLION
media/uploads/equipo_docs/GRUPO 200/[252] - SISTEMA CONTROL Y MONITOREO PROPUSLION/[25217] CONTROL DE PROPULSION NRO. 1  (ECR)/Manual de seguridad del sistema de propulsión del motor MAN 12V175D - 001.pdf,Manual de seguridad del sistema de propulsión del motor MAN 12V175D - 001,manual de seguridad del sistema de propulsion del motor man 12v175d 001,manual,false,,false,false,[252] - SISTEMA CONTROL Y MONITOREO PROPUSLION
"media/uploads/equipo_docs/GRUPO 200/[252] - SISTEMA CONTROL Y MONITOREO PROPUSLION/[25217] CONTROL DE PROPULSION NRO. 1  (ECR)/Manual de señales, alertas y solución de averías del sistema de control SaCoS One MAN 12V175D - 001.pdf","Manual de señales, alertas y solución de averías del sistema de control SaCoS One MAN 12V175D - 001",manual de senales alertas y solucion de averias del sistema de control sacos one man 12v175d 001,manual,false,,false,false,[252] - SISTEMA CONTROL Y MONITOREO PROPUSLION
media/uploads/equipo_docs/GRUPO 200/[252] - SISTEMA CONTROL Y MONITOREO PROPUSLION/[25217] CONTROL DE PROPULSION NRO. 1  (ECR)/Manual de uso para el propulsor SCP 65 5-XG SCHOTTEL - 001.pdf,Manual de uso para el propulsor SCP 65 5-XG SCHOTTEL - 001,manual de uso para el propulsor scp 65 5 xg schottel 001,manual,false,,false,false,[252] - SISTEMA CONTROL Y MONITOREO PROPUSLION
media/uploads/equipo_docs/GRUPO 200/[252] - SISTEMA CONTROL Y MONITOREO PROPUSLION/[25217] CONTROL DE PROPULSION NRO. 1  (ECR)/Plano eléctrico de conexión de la unidad de control del motor MAN 12V175D - 001.pdf,Plano eléctrico de conexión de la unidad de control del motor MAN 12V175D - 001,plano electrico de conexion de la unidad de control del motor man 12v175d 001,plano,false,,false,false,[252] - SISTEMA CONTROL Y MONITOREO PROPUSLION
media/uploads/equipo_docs/GRUPO 200/[252] - SISTEMA CONTROL Y MONITOREO PROPUSLION/[25217] CONTROL DE PROPULSION NRO. 1  (ECR)/Planos de equipos Armario de distribución Sistema de Control.pdf,Planos de equipos Armario de distribución Sistema de Control,planos de equipos armario de distribucion sistema de control,plano,false,,false,false,[252] - SISTEMA CONTROL Y MONITOREO PROPUSLION
media/uploads/equipo_docs/GRUPO 200/[252] - SISTEMA CONTROL Y MONITOREO PROPUSLION/[25217] CONTROL DE PROPULSION NRO. 1  (ECR)/Propuesta de diseño y automatizacion sistema de propulsion.pdf,Propuesta de diseño y automatizacion sistema de propulsion,propuesta de diseno y automatizacion sistema de propulsion,manual,false,,true,true,[252] - SISTEMA CONTROL Y MONITOREO PROPUSLION
media/uploads/equipo_docs/GRUPO 200/[252] - SISTEMA CONTROL Y MONITOREO PROPUSLION/[25217] CONTROL DE PROPULSION NRO. 1  (ECR)/Tablero ventilacion CPP.pdf,Tablero ventilacion CPP,tablero ventilacion cpp,manual,false,,true,true,[252] - SISTEMA CONTROL Y MONITOREO PROPUSLION
media/uploads/equipo_docs/GRUPO 200/[252] - SISTEMA CONTROL Y MONITOREO PROPUSLION/[25218] CONTROL DE PROPULSION NRO. 2  (PUENTE)/Control de Propulsion Sistema de hélice de paso variable.pdf,Control de Propulsion Sistema de hélice de paso variable,control de propulsion sistema de helice de paso variable,manual,false,,true,true,[252] - SISTEMA CONTROL Y MONITOREO PROPUSLION
media/uploads/equipo_docs/GRUPO 200/[252] - SISTEMA CONTROL Y MONITOREO PROPUSLION/[25218] CONTROL DE PROPULSION NRO. 2  (PUENTE)/Descripcion Interfaz IAS control de propulsion.pdf,Descripcion Interfaz IAS control de propulsion,descripcion interfaz ias control de propulsion,manual,false,,true,true,[252] - SISTEMA CONTROL Y MONITOREO PROPUSLION
media/uploads/equipo_docs/GRUPO 200/[252] - SISTEMA CONTROL Y MONITOREO PROPUSLION/[25218] CONTROL DE PROPULSION NRO. 2  (PUENTE)/Diagrama unifilar del tren de propulsión de babor MAN 12V175D - 001.pdf,Diagrama unifilar del tren de propulsión de babor MAN 12V175D - 001,diagrama unifilar del tren de propulsion de babor man 12v175d 001,plano,false,,false,false,[252] - SISTEMA CONTROL Y MONITOREO PROPUSLION
media/uploads/equipo_docs/GRUPO 200/[252] - SISTEMA CONTROL Y MONITOREO PROPUSLION/[25218] CONTROL DE PROPULSION NRO. 2  (PUENTE)/Hoja técnica de consumidores eléctricos MAN - 001.pdf,Hoja técnica de consumidores eléctricos MAN - 001,hoja tecnica de consumidores electricos man 001,datasheet,false,,false,false,[252] - SISTEMA CONTROL Y MONITOREO PROPUSLION
media/uploads/equipo_docs/GRUPO 200/[252] - SISTEMA CONTROL Y MONITOREO PROPUSLION/[25218] CONTROL DE PROPULSION NRO. 2  (PUENTE)/Hoja técnica de listado general de equipos de automatización por MAN - 001.pdf,Hoja técnica de listado general de equipos de automatización por MAN - 001,hoja tecnica de listado general de equipos de automatizacion por man 001,datasheet,true,"manual_herramientas,manual_partes",false,false,[252] - SISTEMA CONTROL Y MONITOREO PROPUSLION
media/uploads/equipo_docs/GRUPO 200/[252] - SISTEMA CONTROL Y MONITOREO PROPUSLION/[25218] CONTROL DE PROPULSION NRO. 2  (PUENTE)/Hoja técnica de señales de supervisión e interfaz.pdf,Hoja técnica de señales de supervisión e interfaz,hoja tecnica de senales de supervision e interfaz,datasheet,false,,false,false,[252] - SISTEMA CONTROL Y MONITOREO PROPUSLION
media/uploads/equipo_docs/GRUPO 200/[252] - SISTEMA CONTROL Y MONITOREO PROPUSLION/[25218] CONTROL DE PROPULSION NRO. 2  (PUENTE)/Informe técnico de configuración de proyecto MAN - 001.pdf,Informe técnico de configuración de proyecto MAN - 001,informe tecnico de configuracion de proyecto man 001,manual,false,,true,true,[252] - SISTEMA CONTROL Y MONITOREO PROPUSLION
media/uploads/equipo_docs/GRUPO 200/[252] - SISTEMA CONTROL Y MONITOREO PROPUSLION/[25218] CONTROL DE PROPULSION NRO. 2  (PUENTE)/Manual de seguridad del sistema de propulsión del motor MAN 12V175D - 001.pdf,Manual de seguridad del sistema de propulsión del motor MAN 12V175D - 001,manual de seguridad del sistema de propulsion del motor man 12v175d 001,manual,false,,false,false,[252] - SISTEMA CONTROL Y MONITOREO PROPUSLION
"media/uploads/equipo_docs/GRUPO 200/[252] - SISTEMA CONTROL Y MONITOREO PROPUSLION/[25218] CONTROL DE PROPULSION NRO. 2  (PUENTE)/Manual de señales, alertas y solución de averías del sistema de control SaCoS One MAN 12V175D - 001.pdf","Manual de señales, alertas y solución de averías del sistema de control SaCoS One MAN 12V175D - 001",manual de senales alertas y solucion de averias del sistema de control sacos one man 12v175d 001,manual,false,,false,false,[252] - SISTEMA CONTROL Y MONITOREO PROPUSLION
media/uploads/equipo_docs/GRUPO 200/[252] - SISTEMA CONTROL Y MONITOREO PROPUSLION/[25218] CONTROL DE PROPULSION NRO. 2  (PUENTE)/Manual de uso para el propulsor SCP 65 5-XG SCHOTTEL - 001.pdf,Manual de uso para el propulsor SCP 65 5-XG SCHOTTEL - 001,manual de uso para el propulsor scp 65 5 xg schottel 001,manual,false,,false,false,[252] - SISTEMA CONTROL Y MONITOREO PROPUSLION
media/uploads/equipo_docs/GRUPO 200/[252] - SISTEMA CONTROL Y MONITOREO PROPUSLION/[25218] CONTROL DE PROPULSION NRO. 2  (PUENTE)/Plano eléctrico de conexión de la unidad de control del motor MAN 12V175D - 001.pdf,Plano eléctrico de conexión de la unidad de control del motor MAN 12V175D - 001,plano electrico de conexion de la unidad de control del motor man 12v175d 001,plano,false,,false,false,[252] - SISTEMA CONTROL Y MONITOREO PROPUSLION
media/uploads/equipo_docs/GRUPO 200/[252] - SISTEMA CONTROL Y MONITOREO PROPUSLION/[25218] CONTROL DE PROPULSION NRO. 2  (PUENTE)/Planos de equipos Armario de distribución Sistema de Control.pdf,Planos de equipos Armario de distribución Sistema de Control,planos de equipos armario de distribucion sistema de control,plano,false,,false,false,[252] - SISTEMA CONTROL Y MONITOREO PROPUSLION
media/uploads/equipo_docs/GRUPO 200/[252] - SISTEMA CONTROL Y MONITOREO PROPUSLION/[25218] CONTROL DE PROPULSION NRO. 2  (PUENTE)/Propuesta de diseño y automatizacion sistema de propulsion.pdf,Propuesta de diseño y automatizacion sistema de propulsion,propuesta de diseno y automatizacion sistema de propulsion,manual,false,,true,true,[252] - SISTEMA CONTROL Y MONITOREO PROPUSLION
media/uploads/equipo_docs/GRUPO 200/[252] - SISTEMA CONTROL Y MONITOREO PROPUSLION/[25218] CONTROL DE PROPULSION NRO. 2  (PUENTE)/Tablero ventilacion CPP.pdf,Tablero ventilacion CPP,tablero ventilacion cpp,manual,false,,true,true,[252] - SISTEMA CONTROL Y MONITOREO PROPUSLION
media/uploads/equipo_docs/GRUPO 200/[256] - ENFRIAMIENTO AGUA DE MAR - PROPULSIÓN/[25601] BOMBA AGUA DE MAR AUXILIAR ENFRIAIENTO COJINETE DE POPA (ER)/DATASHEET BOMBA DE ENTREGA DE AGUA POTABLE.pdf,DATASHEET BOMBA DE ENTREGA DE AGUA POTABLE,datasheet bomba de entrega de agua potable,datasheet,false,,false,false,[256] - ENFRIAMIENTO AGUA DE MAR - PROPULSIÓN
media/uploads/equipo_docs/GRUPO 200/[256] - ENFRIAMIENTO AGUA DE MAR - PROPULSIÓN/[25601] BOMBA AGUA DE MAR AUXILIAR ENFRIAIENTO COJINETE DE POPA (ER)/MANUAL DE INSTRUCCIONES BOMBA DE ENTREGA DE AGUA POTABLE.pdf,MANUAL DE INSTRUCCIONES BOMBA DE ENTREGA DE AGUA POTABLE,manual de instrucciones bomba de entrega de agua potable,manual,false,,false,false,[256] - ENFRIAMIENTO AGUA DE MAR - PROPULSIÓN
media/uploads/equipo_docs/GRUPO 200/[256] - ENFRIAMIENTO AGUA DE MAR - PROPULSIÓN/[25601] BOMBA AGUA DE MAR AUXILIAR ENFRIAIENTO COJINETE DE POPA (ER)/Motores WEG manual de operación y mantenimiento.pdf,Motores WEG manual de operación y mantenimiento,motores weg manual de operacion y mantenimiento,manual,false,,false,false,[256] - ENFRIAMIENTO AGUA DE MAR - PROPULSIÓN
media/uploads/equipo_docs/GRUPO 200/[256] - ENFRIAMIENTO AGUA DE MAR - PROPULSIÓN/[25601] BOMBA AGUA DE MAR AUXILIAR ENFRIAIENTO COJINETE DE POPA (ER)/WEG-motor-de-induccion-trifasico-de-alta-y-baja-tension-rotor-de-anillos-11171348-manual-espanol-dc.pdf,WEG-motor-de-induccion-trifasico-de-alta-y-baja-tension-rotor-de-anillos-11171348-manual-espanol-dc,weg motor de induccion trifasico de alta y baja tension rotor de anillos 11171348 manual espanol dc,manual,false,,false,false,[256] - ENFRIAMIENTO AGUA DE MAR - PROPULSIÓN
media/uploads/equipo_docs/GRUPO 200/[256] - ENFRIAMIENTO AGUA DE MAR - PROPULSIÓN/[25602] BOMBA AGUA DE MAR AUXILIAR ENFRIAIENTO COJINETE DE POPA (BR)/DATASHEET BOMBA DE ENTREGA DE AGUA POTABLE.pdf,DATASHEET BOMBA DE ENTREGA DE AGUA POTABLE,datasheet bomba de entrega de agua potable,datasheet,false,,false,false,[256] - ENFRIAMIENTO AGUA DE MAR - PROPULSIÓN
media/uploads/equipo_docs/GRUPO 200/[256] - ENFRIAMIENTO AGUA DE MAR - PROPULSIÓN/[25602] BOMBA AGUA DE MAR AUXILIAR ENFRIAIENTO COJINETE DE POPA (BR)/MANUAL DE INSTRUCCIONES BOMBA DE ENTREGA DE AGUA POTABLE.pdf,MANUAL DE INSTRUCCIONES BOMBA DE ENTREGA DE AGUA POTABLE,manual de instrucciones bomba de entrega de agua potable,manual,false,,false,false,[256] - ENFRIAMIENTO AGUA DE MAR - PROPULSIÓN
media/uploads/equipo_docs/GRUPO 200/[256] - ENFRIAMIENTO AGUA DE MAR - PROPULSIÓN/[25602] BOMBA AGUA DE MAR AUXILIAR ENFRIAIENTO COJINETE DE POPA (BR)/Motores WEG manual de operación y mantenimiento.pdf,Motores WEG manual de operación y mantenimiento,motores weg manual de operacion y mantenimiento,manual,false,,false,false,[256] - ENFRIAMIENTO AGUA DE MAR - PROPULSIÓN
media/uploads/equipo_docs/GRUPO 200/[256] - ENFRIAMIENTO AGUA DE MAR - PROPULSIÓN/[25602] BOMBA AGUA DE MAR AUXILIAR ENFRIAIENTO COJINETE DE POPA (BR)/WEG-motor-de-induccion-trifasico-de-alta-y-baja-tension-rotor-de-anillos-11171348-manual-espanol-dc.pdf,WEG-motor-de-induccion-trifasico-de-alta-y-baja-tension-rotor-de-anillos-11171348-manual-espanol-dc,weg motor de induccion trifasico de alta y baja tension rotor de anillos 11171348 manual espanol dc,manual,false,,false,false,[256] - ENFRIAMIENTO AGUA DE MAR - PROPULSIÓN
media/uploads/equipo_docs/GRUPO 200/[256] - ENFRIAMIENTO AGUA DE MAR - PROPULSIÓN/[25603] INTERCAMBIADOR DE ACEITE DEL REDUCTOR NRO. 1 adosado/Montaje y Mantenimiento para intercambiador de placas de la caja reductora (1).pdf,Montaje y Mantenimiento para intercambiador de placas de la caja reductora (1),montaje y mantenimiento para intercambiador de placas de la caja reductora 1,manual,false,,false,false,[256] - ENFRIAMIENTO AGUA DE MAR - PROPULSIÓN
media/uploads/equipo_docs/GRUPO 200/[256] - ENFRIAMIENTO AGUA DE MAR - PROPULSIÓN/[25604] INTERCAMBIADOR DE ACEITE DEL REDUCTOR NRO. 2 adosado/Montaje y Mantenimiento para intercambiador de placas de la caja reductora (1).pdf,Montaje y Mantenimiento para intercambiador de placas de la caja reductora (1),montaje y mantenimiento para intercambiador de placas de la caja reductora 1,manual,false,,false,false,[256] - ENFRIAMIENTO AGUA DE MAR - PROPULSIÓN
media/uploads/equipo_docs/GRUPO 200/[256] - ENFRIAMIENTO AGUA DE MAR - PROPULSIÓN/[25605] INTERCAMBIADOR DE ACEITE DEL CPP NRO. 1 adosado/035.002.010_101453111_001_00_Technical Specification. ECR.pdf,035.002.010_101453111_001_00_Technical Specification. ECR,035 002 010 101453111 001 00 technical specification ecr,datasheet,false,,false,false,[256] - ENFRIAMIENTO AGUA DE MAR - PROPULSIÓN
media/uploads/equipo_docs/GRUPO 200/[256] - ENFRIAMIENTO AGUA DE MAR - PROPULSIÓN/[25605] INTERCAMBIADOR DE ACEITE DEL CPP NRO. 1 adosado/1266544 OPV 93 ACR-SCP-ECR.pdf,1266544 OPV 93 ACR-SCP-ECR,1266544 opv 93 acr scp ecr,manual,false,,true,true,[256] - ENFRIAMIENTO AGUA DE MAR - PROPULSIÓN
media/uploads/equipo_docs/GRUPO 200/[256] - ENFRIAMIENTO AGUA DE MAR - PROPULSIÓN/[25605] INTERCAMBIADOR DE ACEITE DEL CPP NRO. 1 adosado/data_sheet-ckm_e.pdf,data_sheet-ckm_e,data sheet ckm e,manual,false,,true,true,[256] - ENFRIAMIENTO AGUA DE MAR - PROPULSIÓN
media/uploads/equipo_docs/GRUPO 200/[256] - ENFRIAMIENTO AGUA DE MAR - PROPULSIÓN/[25605] INTERCAMBIADOR DE ACEITE DEL CPP NRO. 1 adosado/Instrucciones de funcionamiento Intercambiadores de Aceite CPP.pdf,Instrucciones de funcionamiento Intercambiadores de Aceite CPP,instrucciones de funcionamiento intercambiadores de aceite cpp,manual,false,,false,false,[256] - ENFRIAMIENTO AGUA DE MAR - PROPULSIÓN
media/uploads/equipo_docs/GRUPO 200/[256] - ENFRIAMIENTO AGUA DE MAR - PROPULSIÓN/[25606] INTERCAMBIADOR DE ACEITE DEL CPP NRO. 2 adosado/035.002.010_101453111_001_00_Technical Specification. ECR.pdf,035.002.010_101453111_001_00_Technical Specification. ECR,035 002 010 101453111 001 00 technical specification ecr,datasheet,false,,false,false,[256] - ENFRIAMIENTO AGUA DE MAR - PROPULSIÓN
media/uploads/equipo_docs/GRUPO 200/[256] - ENFRIAMIENTO AGUA DE MAR - PROPULSIÓN/[25606] INTERCAMBIADOR DE ACEITE DEL CPP NRO. 2 adosado/1266544 OPV 93 ACR-SCP-ECR.pdf,1266544 OPV 93 ACR-SCP-ECR,1266544 opv 93 acr scp ecr,manual,false,,true,true,[256] - ENFRIAMIENTO AGUA DE MAR - PROPULSIÓN
media/uploads/equipo_docs/GRUPO 200/[256] - ENFRIAMIENTO AGUA DE MAR - PROPULSIÓN/[25606] INTERCAMBIADOR DE ACEITE DEL CPP NRO. 2 adosado/data_sheet-ckm_e.pdf,data_sheet-ckm_e,data sheet ckm e,manual,false,,true,true,[256] - ENFRIAMIENTO AGUA DE MAR - PROPULSIÓN
media/uploads/equipo_docs/GRUPO 200/[256] - ENFRIAMIENTO AGUA DE MAR - PROPULSIÓN/[25606] INTERCAMBIADOR DE ACEITE DEL CPP NRO. 2 adosado/Instrucciones de funcionamiento Intercambiadores de Aceite CPP.pdf,Instrucciones de funcionamiento Intercambiadores de Aceite CPP,instrucciones de funcionamiento intercambiadores de aceite cpp,manual,false,,false,false,[256] - ENFRIAMIENTO AGUA DE MAR - PROPULSIÓN
media/uploads/equipo_docs/GRUPO 200/[257] ENFRIAMIENTO AGUA DULCE - PROPULSIÓN/[25711] BOMBA AGUA DE ENFRIAMIENTO/Azcue-CP-Centrifugal-Pump-English.pdf,Azcue-CP-Centrifugal-Pump-English,azcue cp centrifugal pump english,manual,false,,true,true,[257] ENFRIAMIENTO AGUA DULCE - PROPULSIÓN
media/uploads/equipo_docs/GRUPO 200/[257] ENFRIAMIENTO AGUA DULCE - PROPULSIÓN/[25711] BOMBA AGUA DE ENFRIAMIENTO/Bomba Agua  de enfriamiento Datasheet CP-25-160.pdf,Bomba Agua  de enfriamiento Datasheet CP-25-160,bomba agua de enfriamiento datasheet cp 25 160,datasheet,false,,false,false,[257] ENFRIAMIENTO AGUA DULCE - PROPULSIÓN
media/uploads/equipo_docs/GRUPO 200/[257] ENFRIAMIENTO AGUA DULCE - PROPULSIÓN/[25711] BOMBA AGUA DE ENFRIAMIENTO/MANUAL DE INSTRUCCIONES BOMBA  AGUA DE ENFRIAMIENTO.pdf,MANUAL DE INSTRUCCIONES BOMBA  AGUA DE ENFRIAMIENTO,manual de instrucciones bomba agua de enfriamiento,manual,false,,false,false,[257] ENFRIAMIENTO AGUA DULCE - PROPULSIÓN
media/uploads/equipo_docs/GRUPO 200/[257] ENFRIAMIENTO AGUA DULCE - PROPULSIÓN/[25712] PRECALENTADOR NRO. 1/030.030.015_11600051027_001_F_Water Preheating Unit.pdf,030.030.015_11600051027_001_F_Water Preheating Unit,030 030 015 11600051027 001 f water preheating unit,manual,false,,true,true,[257] ENFRIAMIENTO AGUA DULCE - PROPULSIÓN
media/uploads/equipo_docs/GRUPO 200/[257] ENFRIAMIENTO AGUA DULCE - PROPULSIÓN/[25712] PRECALENTADOR NRO. 1/ELWA_Datasheet_KVE-KVES_en.pdf,ELWA_Datasheet_KVE-KVES_en,elwa datasheet kve kves en,datasheet,false,,false,false,[257] ENFRIAMIENTO AGUA DULCE - PROPULSIÓN
media/uploads/equipo_docs/GRUPO 200/[257] ENFRIAMIENTO AGUA DULCE - PROPULSIÓN/[25712] PRECALENTADOR NRO. 1/ELWA_Datasheet_KVEc_en.pdf,ELWA_Datasheet_KVEc_en,elwa datasheet kvec en,datasheet,false,,false,false,[257] ENFRIAMIENTO AGUA DULCE - PROPULSIÓN
media/uploads/equipo_docs/GRUPO 200/[257] ENFRIAMIENTO AGUA DULCE - PROPULSIÓN/[25712] PRECALENTADOR NRO. 1/Manual técnico del precalentador de agua de refrigeración KVEc-15 ELWA - 001 (equipo asociado).pdf,Manual técnico del precalentador de agua de refrigeración KVEc-15 ELWA - 001 (equipo asociado),manual tecnico del precalentador de agua de refrigeracion kvec 15 elwa 001 equipo asociado,manual,false,,false,false,[257] ENFRIAMIENTO AGUA DULCE - PROPULSIÓN
media/uploads/equipo_docs/GRUPO 200/[257] ENFRIAMIENTO AGUA DULCE - PROPULSIÓN/[25713] PRECALENTADOR NRO. 2/030.030.015_11600051027_001_F_Water Preheating Unit.pdf,030.030.015_11600051027_001_F_Water Preheating Unit,030 030 015 11600051027 001 f water preheating unit,manual,false,,true,true,[257] ENFRIAMIENTO AGUA DULCE - PROPULSIÓN
media/uploads/equipo_docs/GRUPO 200/[257] ENFRIAMIENTO AGUA DULCE - PROPULSIÓN/[25713] PRECALENTADOR NRO. 2/ELWA_Datasheet_KVE-KVES_en.pdf,ELWA_Datasheet_KVE-KVES_en,elwa datasheet kve kves en,datasheet,false,,false,false,[257] ENFRIAMIENTO AGUA DULCE - PROPULSIÓN
media/uploads/equipo_docs/GRUPO 200/[257] ENFRIAMIENTO AGUA DULCE - PROPULSIÓN/[25713] PRECALENTADOR NRO. 2/ELWA_Datasheet_KVEc_en.pdf,ELWA_Datasheet_KVEc_en,elwa datasheet kvec en,datasheet,false,,false,false,[257] ENFRIAMIENTO AGUA DULCE - PROPULSIÓN
media/uploads/equipo_docs/GRUPO 200/[257] ENFRIAMIENTO AGUA DULCE - PROPULSIÓN/[25713] PRECALENTADOR NRO. 2/Manual técnico del precalentador de agua de refrigeración KVEc-15 ELWA - 001 (equipo asociado).pdf,Manual técnico del precalentador de agua de refrigeración KVEc-15 ELWA - 001 (equipo asociado),manual tecnico del precalentador de agua de refrigeracion kvec 15 elwa 001 equipo asociado,manual,false,,false,false,[257] ENFRIAMIENTO AGUA DULCE - PROPULSIÓN
media/uploads/equipo_docs/GRUPO 200/[257] ENFRIAMIENTO AGUA DULCE - PROPULSIÓN/[25714] TANQUE DE EXPANSION/Manual de servicio del tanque de expansión de agua de refrigeración KAG ELWA - 001 (equipo asociado).pdf,Manual de servicio del tanque de expansión de agua de refrigeración KAG ELWA - 001 (equipo asociado),manual de servicio del tanque de expansion de agua de refrigeracion kag elwa 001 equipo asociado,manual,false,,false,false,[257] ENFRIAMIENTO AGUA DULCE - PROPULSIÓN
media/uploads/equipo_docs/GRUPO 200/[257] ENFRIAMIENTO AGUA DULCE - PROPULSIÓN/[25714] TANQUE DE EXPANSION/Plano tanque de expansión para agua de refrigeración del motor MAN 12V175D - 002.pdf,Plano tanque de expansión para agua de refrigeración del motor MAN 12V175D - 002,plano tanque de expansion para agua de refrigeracion del motor man 12v175d 002,plano,false,,false,false,[257] ENFRIAMIENTO AGUA DULCE - PROPULSIÓN
media/uploads/equipo_docs/GRUPO 200/[261] SISTEMA DE COMBUSTIBLE - PROPULSIÓN/[26111] BOMBA DE SERVICIO DE COMBUSTIBLE NRO. 1/26400-58-003-2-20-12-2023- Bomba Manual lubricante motor diesel.pdf,26400-58-003-2-20-12-2023- Bomba Manual lubricante motor diesel,26400 58 003 2 20 12 2023 bomba manual lubricante motor diesel,manual,false,,false,false,[261] SISTEMA DE COMBUSTIBLE - PROPULSIÓN
"media/uploads/equipo_docs/GRUPO 200/[261] SISTEMA DE COMBUSTIBLE - PROPULSIÓN/[26111] BOMBA DE SERVICIO DE COMBUSTIBLE NRO. 1/Catálogo con despiece y repuestos para la bomba manual BOMBA MANUAL DE COMBUSTIBLE PARA LLENADO DEL CARTER, CAPACIDAD 29 min, max. Lift 22m- Tipo K3.pdf","Catálogo con despiece y repuestos para la bomba manual BOMBA MANUAL DE COMBUSTIBLE PARA LLENADO DEL CARTER, CAPACIDAD 29 min, max. Lift 22m- Tipo K3",catalogo con despiece y repuestos para la bomba manual bomba manual de combustible para llenado del carter capacidad 29 min max lift 22m tipo k3,manual,true,"manual_herramientas,manual_partes",false,false,[261] SISTEMA DE COMBUSTIBLE - PROPULSIÓN
media/uploads/equipo_docs/GRUPO 200/[261] SISTEMA DE COMBUSTIBLE - PROPULSIÓN/[26111] BOMBA DE SERVICIO DE COMBUSTIBLE NRO. 1/K-Series Hand Pumps.pdf,K-Series Hand Pumps,k series hand pumps,manual,false,,true,true,[261] SISTEMA DE COMBUSTIBLE - PROPULSIÓN
media/uploads/equipo_docs/GRUPO 200/[261] SISTEMA DE COMBUSTIBLE - PROPULSIÓN/[26112] BOMBA DE SERVICIO DE COMBUSTIBLE NRO. 2/26400-58-003-2-20-12-2023- Bomba Manual lubricante motor diesel.pdf,26400-58-003-2-20-12-2023- Bomba Manual lubricante motor diesel,26400 58 003 2 20 12 2023 bomba manual lubricante motor diesel,manual,false,,false,false,[261] SISTEMA DE COMBUSTIBLE - PROPULSIÓN
"media/uploads/equipo_docs/GRUPO 200/[261] SISTEMA DE COMBUSTIBLE - PROPULSIÓN/[26112] BOMBA DE SERVICIO DE COMBUSTIBLE NRO. 2/Catálogo con despiece y repuestos para la bomba manual BOMBA MANUAL DE COMBUSTIBLE PARA LLENADO DEL CARTER, CAPACIDAD 29 min, max. Lift 22m- Tipo K3.pdf","Catálogo con despiece y repuestos para la bomba manual BOMBA MANUAL DE COMBUSTIBLE PARA LLENADO DEL CARTER, CAPACIDAD 29 min, max. Lift 22m- Tipo K3",catalogo con despiece y repuestos para la bomba manual bomba manual de combustible para llenado del carter capacidad 29 min max lift 22m tipo k3,manual,true,"manual_herramientas,manual_partes",false,false,[261] SISTEMA DE COMBUSTIBLE - PROPULSIÓN
media/uploads/equipo_docs/GRUPO 200/[261] SISTEMA DE COMBUSTIBLE - PROPULSIÓN/[26112] BOMBA DE SERVICIO DE COMBUSTIBLE NRO. 2/K-Series Hand Pumps.pdf,K-Series Hand Pumps,k series hand pumps,manual,false,,true,true,[261] SISTEMA DE COMBUSTIBLE - PROPULSIÓN
media/uploads/equipo_docs/GRUPO 200/[261] SISTEMA DE COMBUSTIBLE - PROPULSIÓN/[26421] INTERCAMBIADOR DE CALOR PARA ENFRIAMIENTO DE COMBUSTIBLE NRO. 1/Manual de instrucciones del sistema de enfriamiento ALFA LAVAL - 001.pdf,Manual de instrucciones del sistema de enfriamiento ALFA LAVAL - 001,manual de instrucciones del sistema de enfriamiento alfa laval 001,manual,false,,false,false,[261] SISTEMA DE COMBUSTIBLE - PROPULSIÓN
media/uploads/equipo_docs/GRUPO 200/[261] SISTEMA DE COMBUSTIBLE - PROPULSIÓN/[26421] INTERCAMBIADOR DE CALOR PARA ENFRIAMIENTO DE COMBUSTIBLE NRO. 1/Manual de operación y mantenimiento para intercambiadores de calor de placas TRANTER - 001.pdf,Manual de operación y mantenimiento para intercambiadores de calor de placas TRANTER - 001,manual de operacion y mantenimiento para intercambiadores de calor de placas tranter 001,manual,false,,false,false,[261] SISTEMA DE COMBUSTIBLE - PROPULSIÓN
media/uploads/equipo_docs/GRUPO 200/[261] SISTEMA DE COMBUSTIBLE - PROPULSIÓN/[26421] INTERCAMBIADOR DE CALOR PARA ENFRIAMIENTO DE COMBUSTIBLE NRO. 1/Plano Intercambiador de temperatura- Tipo placa.pdf,Plano Intercambiador de temperatura- Tipo placa,plano intercambiador de temperatura tipo placa,plano,false,,false,false,[261] SISTEMA DE COMBUSTIBLE - PROPULSIÓN
media/uploads/equipo_docs/GRUPO 200/[261] SISTEMA DE COMBUSTIBLE - PROPULSIÓN/[26422] INTERCAMBIADOR DE CALOR PARA ENFRIAMIENTO DE COMBUSTIBLE NRO. 2/Manual de instrucciones del sistema de enfriamiento ALFA LAVAL - 001.pdf,Manual de instrucciones del sistema de enfriamiento ALFA LAVAL - 001,manual de instrucciones del sistema de enfriamiento alfa laval 001,manual,false,,false,false,[261] SISTEMA DE COMBUSTIBLE - PROPULSIÓN
media/uploads/equipo_docs/GRUPO 200/[261] SISTEMA DE COMBUSTIBLE - PROPULSIÓN/[26422] INTERCAMBIADOR DE CALOR PARA ENFRIAMIENTO DE COMBUSTIBLE NRO. 2/Manual de operación y mantenimiento para intercambiadores de calor de placas TRANTER - 001.pdf,Manual de operación y mantenimiento para intercambiadores de calor de placas TRANTER - 001,manual de operacion y mantenimiento para intercambiadores de calor de placas tranter 001,manual,false,,false,false,[261] SISTEMA DE COMBUSTIBLE - PROPULSIÓN
media/uploads/equipo_docs/GRUPO 200/[261] SISTEMA DE COMBUSTIBLE - PROPULSIÓN/[26422] INTERCAMBIADOR DE CALOR PARA ENFRIAMIENTO DE COMBUSTIBLE NRO. 2/Plano Intercambiador de temperatura- Tipo placa.pdf,Plano Intercambiador de temperatura- Tipo placa,plano intercambiador de temperatura tipo placa,plano,false,,false,false,[261] SISTEMA DE COMBUSTIBLE - PROPULSIÓN
media/uploads/equipo_docs/GRUPO 200/[262] - SISTEMA ACEITE LUBRICANTE - PROPULSION/[26211]BOMBAS DE LO STAND BY MOTORES PRINCIPALES MM.PP. NRO. 1/000.100.025_11840220158_001_-_P ID Lube oil system.pdf,000.100.025_11840220158_001_-_P ID Lube oil system,000 100 025 11840220158 001 p id lube oil system,manual,false,,true,true,[262] - SISTEMA ACEITE LUBRICANTE - PROPULSION
media/uploads/equipo_docs/GRUPO 200/[262] - SISTEMA ACEITE LUBRICANTE - PROPULSION/[26211]BOMBAS DE LO STAND BY MOTORES PRINCIPALES MM.PP. NRO. 1/030.020.085_101380191_001_01_Lube oil stand-by pump Datasheet.pdf,030.020.085_101380191_001_01_Lube oil stand-by pump Datasheet,030 020 085 101380191 001 01 lube oil stand by pump datasheet,datasheet,false,,false,false,[262] - SISTEMA ACEITE LUBRICANTE - PROPULSION
media/uploads/equipo_docs/GRUPO 200/[262] - SISTEMA ACEITE LUBRICANTE - PROPULSION/[26211]BOMBAS DE LO STAND BY MOTORES PRINCIPALES MM.PP. NRO. 1/030.020.085_101394817_001_00_Lube oil stand-by pump.pdf,030.020.085_101394817_001_00_Lube oil stand-by pump,030 020 085 101394817 001 00 lube oil stand by pump,manual,false,,true,true,[262] - SISTEMA ACEITE LUBRICANTE - PROPULSION
media/uploads/equipo_docs/GRUPO 200/[262] - SISTEMA ACEITE LUBRICANTE - PROPULSION/[26211]BOMBAS DE LO STAND BY MOTORES PRINCIPALES MM.PP. NRO. 1/035.010.015_101380053_001_01_Electric Documentation.pdf,035.010.015_101380053_001_01_Electric Documentation,035 010 015 101380053 001 01 electric documentation,manual,false,,true,true,[262] - SISTEMA ACEITE LUBRICANTE - PROPULSION
media/uploads/equipo_docs/GRUPO 200/[262] - SISTEMA ACEITE LUBRICANTE - PROPULSION/[26211]BOMBAS DE LO STAND BY MOTORES PRINCIPALES MM.PP. NRO. 1/KP434-EN-06-2021. Fichas tecnica.pdf,KP434-EN-06-2021. Fichas tecnica,kp434 en 06 2021 fichas tecnica,datasheet,false,,false,false,[262] - SISTEMA ACEITE LUBRICANTE - PROPULSION
media/uploads/equipo_docs/GRUPO 200/[262] - SISTEMA ACEITE LUBRICANTE - PROPULSION/[26211]BOMBAS DE LO STAND BY MOTORES PRINCIPALES MM.PP. NRO. 1/Manual de Operacion Gear Pump KF.pdf,Manual de Operacion Gear Pump KF,manual de operacion gear pump kf,manual,false,,false,false,[262] - SISTEMA ACEITE LUBRICANTE - PROPULSION
media/uploads/equipo_docs/GRUPO 200/[262] - SISTEMA ACEITE LUBRICANTE - PROPULSION/[26211]BOMBAS DE LO STAND BY MOTORES PRINCIPALES MM.PP. NRO. 1/Manual general de los motores HOYER.pdf,Manual general de los motores HOYER,manual general de los motores hoyer,manual,false,,false,false,[262] - SISTEMA ACEITE LUBRICANTE - PROPULSION
media/uploads/equipo_docs/GRUPO 200/[262] - SISTEMA ACEITE LUBRICANTE - PROPULSION/[26211]BOMBAS DE LO STAND BY MOTORES PRINCIPALES MM.PP. NRO. 1/Manual técnico de la unidad de potencia hidráulica móvil de KRACHT - 001 (equipo asociado).pdf,Manual técnico de la unidad de potencia hidráulica móvil de KRACHT - 001 (equipo asociado),manual tecnico de la unidad de potencia hidraulica movil de kracht 001 equipo asociado,manual,false,,false,false,[262] - SISTEMA ACEITE LUBRICANTE - PROPULSION
media/uploads/equipo_docs/GRUPO 200/[262] - SISTEMA ACEITE LUBRICANTE - PROPULSION/[26212] BOMBAS DE LO STAND BY MOTORES PRINCIPALES MM.PP. NRO. 2/000.100.025_11840220158_001_-_P ID Lube oil system.pdf,000.100.025_11840220158_001_-_P ID Lube oil system,000 100 025 11840220158 001 p id lube oil system,manual,false,,true,true,[262] - SISTEMA ACEITE LUBRICANTE - PROPULSION
media/uploads/equipo_docs/GRUPO 200/[262] - SISTEMA ACEITE LUBRICANTE - PROPULSION/[26212] BOMBAS DE LO STAND BY MOTORES PRINCIPALES MM.PP. NRO. 2/030.020.085_101380191_001_01_Lube oil stand-by pump Datasheet.pdf,030.020.085_101380191_001_01_Lube oil stand-by pump Datasheet,030 020 085 101380191 001 01 lube oil stand by pump datasheet,datasheet,false,,false,false,[262] - SISTEMA ACEITE LUBRICANTE - PROPULSION
media/uploads/equipo_docs/GRUPO 200/[262] - SISTEMA ACEITE LUBRICANTE - PROPULSION/[26212] BOMBAS DE LO STAND BY MOTORES PRINCIPALES MM.PP. NRO. 2/030.020.085_101394817_001_00_Lube oil stand-by pump.pdf,030.020.085_101394817_001_00_Lube oil stand-by pump,030 020 085 101394817 001 00 lube oil stand by pump,manual,false,,true,true,[262] - SISTEMA ACEITE LUBRICANTE - PROPULSION
media/uploads/equipo_docs/GRUPO 200/[262] - SISTEMA ACEITE LUBRICANTE - PROPULSION/[26212] BOMBAS DE LO STAND BY MOTORES PRINCIPALES MM.PP. NRO. 2/035.010.015_101380053_001_01_Electric Documentation.pdf,035.010.015_101380053_001_01_Electric Documentation,035 010 015 101380053 001 01 electric documentation,manual,false,,true,true,[262] - SISTEMA ACEITE LUBRICANTE - PROPULSION
media/uploads/equipo_docs/GRUPO 200/[262] - SISTEMA ACEITE LUBRICANTE - PROPULSION/[26212] BOMBAS DE LO STAND BY MOTORES PRINCIPALES MM.PP. NRO. 2/KP434-EN-06-2021. Fichas tecnica.pdf,KP434-EN-06-2021. Fichas tecnica,kp434 en 06 2021 fichas tecnica,datasheet,false,,false,false,[262] - SISTEMA ACEITE LUBRICANTE - PROPULSION
media/uploads/equipo_docs/GRUPO 200/[262] - SISTEMA ACEITE LUBRICANTE - PROPULSION/[26212] BOMBAS DE LO STAND BY MOTORES PRINCIPALES MM.PP. NRO. 2/Manual de Operacion Gear Pump KF.pdf,Manual de Operacion Gear Pump KF,manual de operacion gear pump kf,manual,false,,false,false,[262] - SISTEMA ACEITE LUBRICANTE - PROPULSION
media/uploads/equipo_docs/GRUPO 200/[262] - SISTEMA ACEITE LUBRICANTE - PROPULSION/[26212] BOMBAS DE LO STAND BY MOTORES PRINCIPALES MM.PP. NRO. 2/Manual general de los motores HOYER.pdf,Manual general de los motores HOYER,manual general de los motores hoyer,manual,false,,false,false,[262] - SISTEMA ACEITE LUBRICANTE - PROPULSION
media/uploads/equipo_docs/GRUPO 200/[262] - SISTEMA ACEITE LUBRICANTE - PROPULSION/[26212] BOMBAS DE LO STAND BY MOTORES PRINCIPALES MM.PP. NRO. 2/Manual técnico de la unidad de potencia hidráulica móvil de KRACHT - 001 (equipo asociado).pdf,Manual técnico de la unidad de potencia hidráulica móvil de KRACHT - 001 (equipo asociado),manual tecnico de la unidad de potencia hidraulica movil de kracht 001 equipo asociado,manual,false,,false,false,[262] - SISTEMA ACEITE LUBRICANTE - PROPULSION
media/uploads/equipo_docs/GRUPO 200/[262] - SISTEMA ACEITE LUBRICANTE - PROPULSION/[26213] BOMBA STAND BY DE LUBRICACION PARA EL REDUCTOR  NRO. 1/035.010.014_101379832_001_00_Stand by and Trailing pump.pdf,035.010.014_101379832_001_00_Stand by and Trailing pump,035 010 014 101379832 001 00 stand by and trailing pump,manual,false,,true,true,[262] - SISTEMA ACEITE LUBRICANTE - PROPULSION
media/uploads/equipo_docs/GRUPO 200/[262] - SISTEMA ACEITE LUBRICANTE - PROPULSION/[26213] BOMBA STAND BY DE LUBRICACION PARA EL REDUCTOR  NRO. 1/035.010.014_101379836_001_00_Stand by and Trailing pump Datasheet.pdf,035.010.014_101379836_001_00_Stand by and Trailing pump Datasheet,035 010 014 101379836 001 00 stand by and trailing pump datasheet,datasheet,false,,false,false,[262] - SISTEMA ACEITE LUBRICANTE - PROPULSION
media/uploads/equipo_docs/GRUPO 200/[262] - SISTEMA ACEITE LUBRICANTE - PROPULSION/[26213] BOMBA STAND BY DE LUBRICACION PARA EL REDUCTOR  NRO. 1/035.010.015_101380053_001_01_Electric Documentation.pdf,035.010.015_101380053_001_01_Electric Documentation,035 010 015 101380053 001 01 electric documentation,manual,false,,true,true,[262] - SISTEMA ACEITE LUBRICANTE - PROPULSION
media/uploads/equipo_docs/GRUPO 200/[262] - SISTEMA ACEITE LUBRICANTE - PROPULSION/[26213] BOMBA STAND BY DE LUBRICACION PARA EL REDUCTOR  NRO. 1/035.010.015_101380060_001_02_Starter Stand by and Trailing pump.pdf,035.010.015_101380060_001_02_Starter Stand by and Trailing pump,035 010 015 101380060 001 02 starter stand by and trailing pump,manual,false,,true,true,[262] - SISTEMA ACEITE LUBRICANTE - PROPULSION
media/uploads/equipo_docs/GRUPO 200/[262] - SISTEMA ACEITE LUBRICANTE - PROPULSION/[26213] BOMBA STAND BY DE LUBRICACION PARA EL REDUCTOR  NRO. 1/KP434-EN-06-2021. Fichas tecnica.pdf,KP434-EN-06-2021. Fichas tecnica,kp434 en 06 2021 fichas tecnica,datasheet,false,,false,false,[262] - SISTEMA ACEITE LUBRICANTE - PROPULSION
media/uploads/equipo_docs/GRUPO 200/[262] - SISTEMA ACEITE LUBRICANTE - PROPULSION/[26213] BOMBA STAND BY DE LUBRICACION PARA EL REDUCTOR  NRO. 1/Manual de Operacion Gear Pump KF.pdf,Manual de Operacion Gear Pump KF,manual de operacion gear pump kf,manual,false,,false,false,[262] - SISTEMA ACEITE LUBRICANTE - PROPULSION
media/uploads/equipo_docs/GRUPO 200/[262] - SISTEMA ACEITE LUBRICANTE - PROPULSION/[26213] BOMBA STAND BY DE LUBRICACION PARA EL REDUCTOR  NRO. 1/Manual general de los motores HOYER.pdf,Manual general de los motores HOYER,manual general de los motores hoyer,manual,false,,false,false,[262] - SISTEMA ACEITE LUBRICANTE - PROPULSION
media/uploads/equipo_docs/GRUPO 200/[262] - SISTEMA ACEITE LUBRICANTE - PROPULSION/[26213] BOMBA STAND BY DE LUBRICACION PARA EL REDUCTOR  NRO. 1/Manual técnico de la unidad de potencia hidráulica móvil de KRACHT - 001 (equipo asociado).pdf,Manual técnico de la unidad de potencia hidráulica móvil de KRACHT - 001 (equipo asociado),manual tecnico de la unidad de potencia hidraulica movil de kracht 001 equipo asociado,manual,false,,false,false,[262] - SISTEMA ACEITE LUBRICANTE - PROPULSION
media/uploads/equipo_docs/GRUPO 200/[262] - SISTEMA ACEITE LUBRICANTE - PROPULSION/[26214] BOMBA STAND BY DE LUBRICACION PARA EL REDUCTOR  NRO. 2/035.010.014_101379832_001_00_Stand by and Trailing pump.pdf,035.010.014_101379832_001_00_Stand by and Trailing pump,035 010 014 101379832 001 00 stand by and trailing pump,manual,false,,true,true,[262] - SISTEMA ACEITE LUBRICANTE - PROPULSION
media/uploads/equipo_docs/GRUPO 200/[262] - SISTEMA ACEITE LUBRICANTE - PROPULSION/[26214] BOMBA STAND BY DE LUBRICACION PARA EL REDUCTOR  NRO. 2/035.010.014_101379836_001_00_Stand by and Trailing pump Datasheet.pdf,035.010.014_101379836_001_00_Stand by and Trailing pump Datasheet,035 010 014 101379836 001 00 stand by and trailing pump datasheet,datasheet,false,,false,false,[262] - SISTEMA ACEITE LUBRICANTE - PROPULSION
media/uploads/equipo_docs/GRUPO 200/[262] - SISTEMA ACEITE LUBRICANTE - PROPULSION/[26214] BOMBA STAND BY DE LUBRICACION PARA EL REDUCTOR  NRO. 2/035.010.015_101380053_001_01_Electric Documentation.pdf,035.010.015_101380053_001_01_Electric Documentation,035 010 015 101380053 001 01 electric documentation,manual,false,,true,true,[262] - SISTEMA ACEITE LUBRICANTE - PROPULSION
media/uploads/equipo_docs/GRUPO 200/[262] - SISTEMA ACEITE LUBRICANTE - PROPULSION/[26214] BOMBA STAND BY DE LUBRICACION PARA EL REDUCTOR  NRO. 2/035.010.015_101380060_001_02_Starter Stand by and Trailing pump.pdf,035.010.015_101380060_001_02_Starter Stand by and Trailing pump,035 010 015 101380060 001 02 starter stand by and trailing pump,manual,false,,true,true,[262] - SISTEMA ACEITE LUBRICANTE - PROPULSION
media/uploads/equipo_docs/GRUPO 200/[262] - SISTEMA ACEITE LUBRICANTE - PROPULSION/[26214] BOMBA STAND BY DE LUBRICACION PARA EL REDUCTOR  NRO. 2/KP434-EN-06-2021. Fichas tecnica.pdf,KP434-EN-06-2021. Fichas tecnica,kp434 en 06 2021 fichas tecnica,datasheet,false,,false,false,[262] - SISTEMA ACEITE LUBRICANTE - PROPULSION
media/uploads/equipo_docs/GRUPO 200/[262] - SISTEMA ACEITE LUBRICANTE - PROPULSION/[26214] BOMBA STAND BY DE LUBRICACION PARA EL REDUCTOR  NRO. 2/Manual de Operacion Gear Pump KF.pdf,Manual de Operacion Gear Pump KF,manual de operacion gear pump kf,manual,false,,false,false,[262] - SISTEMA ACEITE LUBRICANTE - PROPULSION
media/uploads/equipo_docs/GRUPO 200/[262] - SISTEMA ACEITE LUBRICANTE - PROPULSION/[26214] BOMBA STAND BY DE LUBRICACION PARA EL REDUCTOR  NRO. 2/Manual general de los motores HOYER.pdf,Manual general de los motores HOYER,manual general de los motores hoyer,manual,false,,false,false,[262] - SISTEMA ACEITE LUBRICANTE - PROPULSION
media/uploads/equipo_docs/GRUPO 200/[262] - SISTEMA ACEITE LUBRICANTE - PROPULSION/[26214] BOMBA STAND BY DE LUBRICACION PARA EL REDUCTOR  NRO. 2/Manual técnico de la unidad de potencia hidráulica móvil de KRACHT - 001 (equipo asociado).pdf,Manual técnico de la unidad de potencia hidráulica móvil de KRACHT - 001 (equipo asociado),manual tecnico de la unidad de potencia hidraulica movil de kracht 001 equipo asociado,manual,false,,false,false,[262] - SISTEMA ACEITE LUBRICANTE - PROPULSION
"media/uploads/equipo_docs/GRUPO 200/[264] SISTEMA DE RELLENO, TRASIEGO Y DEPURACION DE ACEITE LUBRICANTE-PROPULSION/[26421] BOMBA  DE ACEITE LUBRICANTE MOTOR NRO.1/26400-58-003-2-20-12-2023- Bomba Manual lubricante motor diesel.pdf",26400-58-003-2-20-12-2023- Bomba Manual lubricante motor diesel,26400 58 003 2 20 12 2023 bomba manual lubricante motor diesel,manual,false,,false,false,"[264] SISTEMA DE RELLENO, TRASIEGO Y DEPURACION DE ACEITE LUBRICANTE-PROPULSION"
"media/uploads/equipo_docs/GRUPO 200/[264] SISTEMA DE RELLENO, TRASIEGO Y DEPURACION DE ACEITE LUBRICANTE-PROPULSION/[26421] BOMBA  DE ACEITE LUBRICANTE MOTOR NRO.1/Catálogo con despiece y repuestos para la bomba manual BOMBA MANUAL DE COMBUSTIBLE PARA LLENADO DEL CARTER, CAPACIDAD 29 min, max. Lift 22m- Tipo K3.pdf","Catálogo con despiece y repuestos para la bomba manual BOMBA MANUAL DE COMBUSTIBLE PARA LLENADO DEL CARTER, CAPACIDAD 29 min, max. Lift 22m- Tipo K3",catalogo con despiece y repuestos para la bomba manual bomba manual de combustible para llenado del carter capacidad 29 min max lift 22m tipo k3,manual,true,"manual_herramientas,manual_partes",false,false,"[264] SISTEMA DE RELLENO, TRASIEGO Y DEPURACION DE ACEITE LUBRICANTE-PROPULSION"
"media/uploads/equipo_docs/GRUPO 200/[264] SISTEMA DE RELLENO, TRASIEGO Y DEPURACION DE ACEITE LUBRICANTE-PROPULSION/[26421] BOMBA  DE ACEITE LUBRICANTE MOTOR NRO.1/K-Series Hand Pumps.pdf",K-Series Hand Pumps,k series hand pumps,manual,false,,true,true,"[264] SISTEMA DE RELLENO, TRASIEGO Y DEPURACION DE ACEITE LUBRICANTE-PROPULSION"
"media/uploads/equipo_docs/GRUPO 200/[264] SISTEMA DE RELLENO, TRASIEGO Y DEPURACION DE ACEITE LUBRICANTE-PROPULSION/[26422] BOMBA DE ACEITE LUBRICANTE MOTOR NRO.2/26400-58-003-2-20-12-2023- Bomba Manual lubricante motor diesel.pdf",26400-58-003-2-20-12-2023- Bomba Manual lubricante motor diesel,26400 58 003 2 20 12 2023 bomba manual lubricante motor diesel,manual,false,,false,false,"[264] SISTEMA DE RELLENO, TRASIEGO Y DEPURACION DE ACEITE LUBRICANTE-PROPULSION"
"media/uploads/equipo_docs/GRUPO 200/[264] SISTEMA DE RELLENO, TRASIEGO Y DEPURACION DE ACEITE LUBRICANTE-PROPULSION/[26422] BOMBA DE ACEITE LUBRICANTE MOTOR NRO.2/Catálogo con despiece y repuestos para la bomba manual BOMBA MANUAL DE COMBUSTIBLE PARA LLENADO DEL CARTER, CAPACIDAD 29 min, max. Lift 22m- Tipo K3.pdf","Catálogo con despiece y repuestos para la bomba manual BOMBA MANUAL DE COMBUSTIBLE PARA LLENADO DEL CARTER, CAPACIDAD 29 min, max. Lift 22m- Tipo K3",catalogo con despiece y repuestos para la bomba manual bomba manual de combustible para llenado del carter capacidad 29 min max lift 22m tipo k3,manual,true,"manual_herramientas,manual_partes",false,false,"[264] SISTEMA DE RELLENO, TRASIEGO Y DEPURACION DE ACEITE LUBRICANTE-PROPULSION"
"media/uploads/equipo_docs/GRUPO 200/[264] SISTEMA DE RELLENO, TRASIEGO Y DEPURACION DE ACEITE LUBRICANTE-PROPULSION/[26422] BOMBA DE ACEITE LUBRICANTE MOTOR NRO.2/K-Series Hand Pumps.pdf",K-Series Hand Pumps,k series hand pumps,manual,false,,true,true,"[264] SISTEMA DE RELLENO, TRASIEGO Y DEPURACION DE ACEITE LUBRICANTE-PROPULSION"
"media/uploads/equipo_docs/GRUPO 200/[264] SISTEMA DE RELLENO, TRASIEGO Y DEPURACION DE ACEITE LUBRICANTE-PROPULSION/[26423] BOMBA DE ACEITE LUBRICANTE SUCIO/26400-53-002-29-05-23- Bomba de aceite Sucio.pdf",26400-53-002-29-05-23- Bomba de aceite Sucio,26400 53 002 29 05 23 bomba de aceite sucio,manual,false,,true,true,"[264] SISTEMA DE RELLENO, TRASIEGO Y DEPURACION DE ACEITE LUBRICANTE-PROPULSION"
"media/uploads/equipo_docs/GRUPO 200/[264] SISTEMA DE RELLENO, TRASIEGO Y DEPURACION DE ACEITE LUBRICANTE-PROPULSION/[26423] BOMBA DE ACEITE LUBRICANTE SUCIO/DATASHEET BOMBA TIPO BT-IV.pdf",DATASHEET BOMBA TIPO BT-IV,datasheet bomba tipo bt iv,datasheet,false,,false,false,"[264] SISTEMA DE RELLENO, TRASIEGO Y DEPURACION DE ACEITE LUBRICANTE-PROPULSION"
"media/uploads/equipo_docs/GRUPO 200/[264] SISTEMA DE RELLENO, TRASIEGO Y DEPURACION DE ACEITE LUBRICANTE-PROPULSION/[26423] BOMBA DE ACEITE LUBRICANTE SUCIO/MANUAL INSTRUCCION BOMBA TIPO TIPO BT-LV.pdf",MANUAL INSTRUCCION BOMBA TIPO TIPO BT-LV,manual instruccion bomba tipo tipo bt lv,manual,false,,false,false,"[264] SISTEMA DE RELLENO, TRASIEGO Y DEPURACION DE ACEITE LUBRICANTE-PROPULSION"
"media/uploads/equipo_docs/GRUPO 200/[264] SISTEMA DE RELLENO, TRASIEGO Y DEPURACION DE ACEITE LUBRICANTE-PROPULSION/[26423] BOMBA DE ACEITE LUBRICANTE SUCIO/MANUAL TECNICO SERIE BT DE BOMBAS DE TORNILLO, BOMBA DE ENTREGA DE COMBUSTIBLE.pdf","MANUAL TECNICO SERIE BT DE BOMBAS DE TORNILLO, BOMBA DE ENTREGA DE COMBUSTIBLE",manual tecnico serie bt de bombas de tornillo bomba de entrega de combustible,manual,false,,false,false,"[264] SISTEMA DE RELLENO, TRASIEGO Y DEPURACION DE ACEITE LUBRICANTE-PROPULSION"
"media/uploads/equipo_docs/GRUPO 200/[264] SISTEMA DE RELLENO, TRASIEGO Y DEPURACION DE ACEITE LUBRICANTE-PROPULSION/[26423] BOMBA DE ACEITE LUBRICANTE SUCIO/Motores WEG manual de operación y mantenimiento.pdf",Motores WEG manual de operación y mantenimiento,motores weg manual de operacion y mantenimiento,manual,false,,false,false,"[264] SISTEMA DE RELLENO, TRASIEGO Y DEPURACION DE ACEITE LUBRICANTE-PROPULSION"
"media/uploads/equipo_docs/GRUPO 200/[264] SISTEMA DE RELLENO, TRASIEGO Y DEPURACION DE ACEITE LUBRICANTE-PROPULSION/[26424] BOMBA DE ACEITE LUBRICANTE GENERADORES/BOMBA MANUAL, CAPACIDAD - 80 stroke-min.pdf","BOMBA MANUAL, CAPACIDAD - 80 stroke-min",bomba manual capacidad 80 stroke min,manual,false,,false,false,"[264] SISTEMA DE RELLENO, TRASIEGO Y DEPURACION DE ACEITE LUBRICANTE-PROPULSION"
"media/uploads/equipo_docs/GRUPO 200/[264] SISTEMA DE RELLENO, TRASIEGO Y DEPURACION DE ACEITE LUBRICANTE-PROPULSION/[26425] BOMBA DE ACEITE LUBRICANTE REDUCTORES/Fill-Rite_FR112C- Manual de partes.pdf",Fill-Rite_FR112C- Manual de partes,fill rite fr112c manual de partes,manual,false,,false,false,"[264] SISTEMA DE RELLENO, TRASIEGO Y DEPURACION DE ACEITE LUBRICANTE-PROPULSION"
"media/uploads/equipo_docs/GRUPO 200/[264] SISTEMA DE RELLENO, TRASIEGO Y DEPURACION DE ACEITE LUBRICANTE-PROPULSION/[26425] BOMBA DE ACEITE LUBRICANTE REDUCTORES/FR112- Stronkes 100.pdf",FR112- Stronkes 100,fr112 stronkes 100,manual,false,,true,true,"[264] SISTEMA DE RELLENO, TRASIEGO Y DEPURACION DE ACEITE LUBRICANTE-PROPULSION"
"media/uploads/equipo_docs/GRUPO 200/[264] SISTEMA DE RELLENO, TRASIEGO Y DEPURACION DE ACEITE LUBRICANTE-PROPULSION/[26425] BOMBA DE ACEITE LUBRICANTE REDUCTORES/Manual de instalacion y Operacion manual.pdf",Manual de instalacion y Operacion manual,manual de instalacion y operacion manual,manual,false,,false,false,"[264] SISTEMA DE RELLENO, TRASIEGO Y DEPURACION DE ACEITE LUBRICANTE-PROPULSION"